gauge,drought,record_length,station_name,state,lat,lon,catchment_area_sq_km,prop_forested,climate_type,major_climate_type
003303A,TRUE,51,Barcoo River at Blackall (003303A),QLD,-24.43,145.46,5713.9,0.41054,BSh,Dry (B)
102101A,FALSE,36,Pascoe River at Fall Creek (102101A),QLD,-12.880278,142.983056,648.4,0.99762,Aw,Tropical (A)
105101A,TRUE,53,Normanby River at Battle Camp (105101A),QLD,-15.281389,144.838611,2308.6,0.95679,Aw,Tropical (A)
105105A,FALSE,51,East Normanby River at Development Road (105105A),QLD,-15.771111,145.014167,296.1,0.98134,Am,Tropical (A)
107001B,TRUE,36,Endeavour River at Flaggy (107001B),QLD,-15.423333,145.067222,340.2,0.99771,As,Tropical (A)
108002A,FALSE,46,Daintree River at Bairds (108002A),QLD,-16.179444,145.281944,910.2,0.99981,Am,Tropical (A)
108003A,FALSE,38,Bloomfield River at China Camp (108003A),QLD,-15.988333,145.2875,262.5,1,Am,Tropical (A)
111005A,FALSE,52,Mulgrave River at The Fisheries (111005A),QLD,-17.1832,145.7248,356.5,0.89113,Cfa,Temperate (C)
111007A,FALSE,49,Mulgrave River at Peets Br (111007A),QLD,-17.13,145.76,521.4,0.91366,Cfa,Temperate (C)
112002A,FALSE,60,Fisher Creek at Nerada (112002A),QLD,-17.564167,145.9075,16,0.085,Cfa,Temperate (C)
112101B,FALSE,46,South Johnstone River at Upstream Central Mill (112101B),QLD,-17.6089,145.9791,397.3,0.86802,Cfa,Temperate (C)
112102A,FALSE,50,Liverpool Creek at Upper Japoonvale (112102A),QLD,-17.715,145.905278,77.9,0.9607,Cfa,Temperate (C)
113004A,FALSE,51,Cochable Creek at Powerline (113004A),QLD,-17.739722,145.63,93.4,0.9736,Cfa,Temperate (C)
114001A,FALSE,50,Murray River at Upper Murray (114001A),QLD,-18.1069,145.8054,155.4,0.98502,Cfa,Temperate (C)
116006B,FALSE,52,Herbert River at Abergowrie (116006B),QLD,-18.492778,145.922222,7457.1,0.92449,Cfa,Temperate (C)
116010A,FALSE,59,Blencoe Creek at Blencoe Falls (116010A),QLD,-18.204444,145.537778,226.8,0.9941,Cfa,Temperate (C)
116011A,FALSE,59,Millstream River at Ravenshoe (116011A),QLD,-17.605,145.4775,90.6,0.59959,Cwa,Temperate (C)
116012A,FALSE,53,Cameron Creek at 8.7KM (116012A),QLD,-18.065278,145.341944,350.9,0.96343,Cwa,Temperate (C)
116013A,FALSE,60,Millstream river at Archer Creek (116013A),QLD,-17.651944,145.341111,319.4,0.81823,Cwa,Temperate (C)
116014A,FALSE,60,Wild River at Silver Valley (116014A),QLD,-17.625,145.298889,585.4,0.92705,Cwa,Temperate (C)
116015A,FALSE,55,Blunder Creek at Wooroora (116015A),QLD,-17.735278,145.438056,125.9,0.99998,Cwa,Temperate (C)
117002A,FALSE,48,BlaCreek at Bruce HWY (117002A),QLD,-19.2377,146.6329,250.6,0.76011,Aw,Tropical (A)
117003A,FALSE,46,Bluewater Creek at Bluewater (117003A),QLD,-19.185,146.5461,87.6,0.95732,Aw,Tropical (A)
118106A,TRUE,45,Alligator Creek at Allendale (118106A),QLD,-19.39,146.96,69.7,0.8667,Aw,Tropical (A)
119003A,TRUE,52,Haughton River at Powerline (119003A),QLD,-19.63,147.11,1758.8,0.75876999999999994,Aw,Tropical (A)
120102A,TRUE,51,Keelbottom Creek at Keelbottom (120102A),QLD,-19.3719,146.3589,193.4,0.96003,Cwa,Temperate (C)
120301B,TRUE,45,Belyando River at Gregory Development Road (120301B),QLD,-21.53,146.86,35299.9,0.45973,BSh,Dry (B)
120304A,TRUE,50,Suttor River at Eaglefield (120304A),QLD,-21.45,147.71,1953.6,0.50629,BSh,Dry (B)
121001A,TRUE,52,Don River at Ida Creek (121001A),QLD,-20.289444,148.116111,603.6,0.89451,Cwa,Temperate (C)
121002A,TRUE,47,Elliot River at Guthalungra (121002A),QLD,-19.94,147.84,269.5,0.83564,Aw,Tropical (A)
121003A,TRUE,37,Don River at Reeves (121003A),QLD,-20.15,148.15,1012.5,0.78291,Cwa,Temperate (C)
122004A,TRUE,49,Gregory river at Lower Gregory (122004A),QLD,-20.3,148.547222,46.6,0.91518,Aw,Tropical (A)
124002A,TRUE,45,StHelens Creek at Calen (124002A),QLD,-20.9075,148.7586,118.1,0.88178,Cwa,Temperate (C)
125005A,TRUE,48,BlaCreeks Creek at Whitefords (125005A),QLD,-21.3228,148.8351,510.2,0.98071,Cwa,Temperate (C)
126003A,FALSE,46,Carmila Creek at Carmila (126003A),QLD,-21.915556,149.398611,83.7,0.80426,Cwa,Temperate (C)
129001A,TRUE,60,Waterpark Creek at Byfield (129001A),QLD,-22.835,150.6653,248.7,0.99849,Cfa,Temperate (C)
130004A,FALSE,58,Raglan Creek at Old Stn (130004A),QLD,-23.8191,150.8206,392.9,0.66494,Cfa,Temperate (C)
130302A,TRUE,63,Dawson River at Taroom (130302A),QLD,-25.64,149.79,15806.9,0.45296,BSh,Dry (B)
130324A,FALSE,55,Dawson River at Utopia Downs (130324A),QLD,-25.7447,149.3299,6056.7,0.69529,BSh,Dry (B)
130403A,TRUE,56,Connors River at Mt Bridget (130403A),QLD,-22.0383,149.1286,1286.4,0.87649,Cfa,Temperate (C)
130410A,FALSE,51,Isaac River at Deverill (130410A),QLD,-22.1742,148.3811,4067.2,0.36879,BSh,Dry (B)
130413A,FALSE,50,Denison Creek at Braeside (130413A),QLD,-21.7696,148.7869,764.8,0.90943,Cwa,Temperate (C)
132001A,TRUE,63,Calliope River at Castlehope (132001A),QLD,-23.99,151.1,1287.7,0.64909,Cfa,Temperate (C)
135002A,FALSE,56,Kolan River at Springfield (135002A),QLD,-24.7533,151.5872,547.9,0.95817,Cfa,Temperate (C)
135004A,TRUE,56,Gin Gin Creek at Dam Site (135004A),QLD,-24.97,151.89,536.3,0.87111,Cfa,Temperate (C)
136006A,FALSE,56,Reid Creek at Dam Site (136006A),QLD,-25.2731,151.5173,220.7,0.68791,Cfa,Temperate (C)
136202D,FALSE,57,Barambah Creek at Litzows (136202D),QLD,-26.301111,152.044444,649.6,0.63727,Cfa,Temperate (C)
136203A,TRUE,62,Barker Creek at Brooklands (136203A),QLD,-26.733889,151.820556,310.7,0.76741,Cfa,Temperate (C)
136208A,TRUE,53,Boonara Creek at Ettiewyn (136208A),QLD,-25.902778,151.844167,1391.9,0.65135,Cfa,Temperate (C)
136304A,TRUE,56,Stuart River at Proston Rifle Range (136304A),QLD,-26.1816,151.5461,1554.4,0.6853,Cfa,Temperate (C)
137101A,TRUE,48,Gregory River at Burrum Highway (137101A),QLD,-25.086667,152.240833,453.4,0.95556,Cfa,Temperate (C)
137201A,TRUE,55,Isis River at Bruce Highway (137201A),QLD,-25.266944,152.368611,444.5,0.91331,Cfa,Temperate (C)
138004B,FALSE,36,Munna Creek at Marodian (138004B),QLD,-25.903611,152.349167,1189,0.71588,Cfa,Temperate (C)
138009A,FALSE,47,Tinana Creek at Tagigan Road (138009A),QLD,-26.078611,152.783889,101.4,0.70299,Cfa,Temperate (C)
138110A,TRUE,62,Mary River at Bellbird Ck (138110A),QLD,-26.63,152.7,485.4,0.84956,Cfa,Temperate (C)
138113A,FALSE,36,Kandanga Creek at Hygait (138113A),QLD,-26.39,152.644444,170.3,0.87324,Cfa,Temperate (C)
138903A,FALSE,40,Tinana Creek at Bauple East (138903A),QLD,-25.82,152.72,772,0.86937,Cfa,Temperate (C)
140002A,FALSE,42,Teewah Creek at Coops Coner Tm (140002A),QLD,-26.0572,153.0426,52.2,0.99918,Cfa,Temperate (C)
141008A,TRUE,39,Eudlo Creek at Kiels Mountain (141008A),QLD,-26.66,153.02,57.2,0.92423,Cfa,Temperate (C)
143007A,TRUE,50,Brisbane River at Linville (143007A),QLD,-26.8061,152.2711,2010,0.83045,Cfa,Temperate (C)
143009A,TRUE,59,Brisbane River at Gregors Creek (143009A),QLD,-26.996389,152.408611,3868.7,0.75132,Cfa,Temperate (C)
143107A,TRUE,48,Bremer River at Walloon (143107A),QLD,-27.6,152.69,624.3,0.48016,Cfa,Temperate (C)
143110A,TRUE,48,Bremer River at Adams Bridge (143110A),QLD,-27.8275,152.510833,125.7,0.58348,Cfa,Temperate (C)
143209B,TRUE,46,Laidley Creek at Mulgowie2 (143209B),QLD,-27.7314,152.3633,172.7,0.8437,Cfa,Temperate (C)
143303A,TRUE,59,Stanley River at Peachester (143303A),QLD,-26.838889000000002,152.840556,104,0.89756,Cfa,Temperate (C)
145010A,TRUE,56,Running Creek at 5.8KM Deickmans Bridge (145010A),QLD,-28.246389,152.891111,132.2,0.68887,Cfa,Temperate (C)
145011A,TRUE,55,Teviot Brook at Croftby (145011A),QLD,-28.147778,152.570833,82.8,0.78816,Cfa,Temperate (C)
145018A,TRUE,48,Burnett Creek at Up Stream Maroon Dam (145018A),QLD,-28.219722,152.608333,81.5,0.9048,Cfa,Temperate (C)
145101D,TRUE,63,Albert River at Lumeah Number 2 (145101D),QLD,-28.053056,153.045278,166.8,0.70619,Cfa,Temperate (C)
145102B,TRUE,57,Albert River at Bromfleet (145102B),QLD,-27.91,153.11,543.2,0.63823,Cfa,Temperate (C)
145107A,TRUE,48,Canungra Creek at Main Rd Bridge (145107A),QLD,-27.996667,153.158333,99.7,0.98549,Cfa,Temperate (C)
146010A,TRUE,59,Coomera River at Army Camp (146010A),QLD,-28.025833,153.193056,97,0.76275,Cfa,Temperate (C)
146012A,TRUE,46,Currumbin Creek at Nicolls Bridge (146012A),QLD,-28.178333,153.424167,30.1,0.99605,Cfa,Temperate (C)
146014A,TRUE,40,Back Creek at Beechmont (146014A),QLD,-28.123333,153.19,6.8,0.3826,Cfa,Temperate (C)
146095A,TRUE,49,Tallebudgera Creek at Tallebudgera Ck Rd (146095A),QLD,-28.149444,153.403611,56.3,0.99891,Cfa,Temperate (C)
201001,TRUE,56,Oxley River at Eungella (201001),NSW,-28.3553,153.292,214.8,0.76353,Cfa,Temperate (C)
203005,TRUE,46,Richmond River at Wiangaree (203005),NSW,-28.5065,152.9658,702.5,0.92524,Cfa,Temperate (C)
203010,TRUE,49,Leycester River at Rock Valley (203010),NSW,-28.7381,153.163,175.9,0.93627,Cfa,Temperate (C)
203030,FALSE,42,Myrtle Creek at Rappville (203030),NSW,-29.1116,152.9984,387.3,0.91725,Cfa,Temperate (C)
204002,FALSE,49,Clarence River at Tabulam (204002),NSW,-28.89,152.56,4545.3,0.80938,Cfa,Temperate (C)
204007,FALSE,47,Clarence River at Lilydale (Newbold Crossing (204007),NSW,-29.51,152.68,16944.4,0.83269,Cfa,Temperate (C)
204014,FALSE,38,Mann River at Mitchell (204014),NSW,-29.6947,152.1049,882.9,0.39705,Cfb,Temperate (C)
204017,FALSE,44,Bielsdown Creek at Dorrigo No.2 & No.3 (204017),NSW,-30.3073,152.7135,74,0.20701,Cfb,Temperate (C)
204025,TRUE,43,Orara River at Karangi (204025),NSW,-30.2544,153.0323,134.3,0.98072,Cfa,Temperate (C)
204030,FALSE,40,Aberfoyle River at Aberfoyle (204030),NSW,-30.2603,152.0083,208.6,0.16926,Cfb,Temperate (C)
204034,FALSE,40,Henry River at Newton Boyd (204034),NSW,-29.763056,152.213333,400.1,0.86827,Cfb,Temperate (C)
204036,FALSE,55,Cataract Creek at Sandy Hill(below Snake Cre (204036),NSW,-28.9341,152.2171,238.6,0.42426,Cfb,Temperate (C)
204037,FALSE,48,Clouds Creek at Clouds Ck (204037),NSW,-30.0938,152.6282,62.8,0.99992,Cfb,Temperate (C)
204039,TRUE,32,Maryland River at D/S Wylie Ck (204039),NSW,-28.468,152.1978,385.5,0.68152,Cfa,Temperate (C)
204041,TRUE,42,Orara River at Bawden Br (204041),NSW,-29.7242,152.8092,1809.8,0.93505,Cfa,Temperate (C)
204046,FALSE,46,Timbarra River at Drake (204046),NSW,-29.0573,152.3849,1714.6,0.94036,Cfb,Temperate (C)
204051,FALSE,39,Clarence River at Paddys Flat (204051),NSW,-28.7211,152.4174,3116.8,0.81269,Cfb,Temperate (C)
204056,FALSE,42,Dandahra Creek at Gibraltar Range (204056),NSW,-29.4864,152.4456,112.4,0.99835,Cfb,Temperate (C)
204906,TRUE,44,Orara River at Glenreagh (204906),NSW,-30.07,152.98,432.2,0.93496,Cfb,Temperate (C)
206009,TRUE,60,Tia River at Tia (206009),NSW,-31.1878,151.8291,262.2,0.30954,Cfb,Temperate (C)
206014,TRUE,58,Wollomombi River at Coninside (206014),NSW,-30.476389,152.028333,369.9,0.20953,Cfb,Temperate (C)
206018,FALSE,58,Apsley River at Apsley Falls (206018),NSW,-31.049722,151.766111,862.9,0.07192,Cfb,Temperate (C)
206025,FALSE,47,Salisbury Waters River at near Dangar Falls (206025),NSW,-30.681,151.7133,648.7,0.02275,Cfb,Temperate (C)
207004,FALSE,43,Hastings River at Ellenborough (Kindee Bridg (207004),NSW,-31.4241,152.4697,1580.9,0.94663,Cfb,Temperate (C)
207013,FALSE,43,Ellenborough River at D/S Bunnoo R Junction (207013),NSW,-31.481,152.4478,497.6,0.94135,Cfb,Temperate (C)
207014,FALSE,34,Wilson River at Avenel (207014),NSW,-31.3326,152.7404,508.8,0.89751,Cfa,Temperate (C)
207015,FALSE,37,Hastings River at Mount Seaview (207015),NSW,-31.3714,152.2442,349.1,0.98901,Cfb,Temperate (C)
208003,FALSE,55,Gloucester River at Doon Ayre (208003),NSW,-31.8981,152.0956,1629.7,0.67643,Cfb,Temperate (C)
208004,TRUE,51,Manning River at Killawarra (208004),NSW,-31.92,152.31,6631.4,0.84177,Cfb,Temperate (C)
208005,TRUE,53,Nowendoc River at Rocks Crossing (208005),NSW,-31.779,152.0746,1894,0.92406,Cfb,Temperate (C)
208007,TRUE,53,Nowendoc River at Nowendoc (208007),NSW,-31.516389,151.716389,222.2,0.68916,Cfb,Temperate (C)
208009,FALSE,51,Barnard River at Barry (208009),NSW,-31.579167,151.315278,151.5,0.99848,Cfb,Temperate (C)
208011,TRUE,48,Barnard River at Mackay (208011),NSW,-31.77,151.9,1813.5,0.92433,Cfb,Temperate (C)
208015,FALSE,47,Landsdowne River at Landsdowne (208015),NSW,-31.7889,152.5128,95.4,0.7488,Cfa,Temperate (C)
208024,FALSE,34,Barnard River at D/S Back R Jctn (208024),NSW,-31.56,151.34,281.1,0.99639,Cfb,Temperate (C)
208026,TRUE,35,Myall River at Jacky Barkers (208026),NSW,-31.6417,151.7342,546.8,0.90016,Cfb,Temperate (C)
209002,TRUE,49,Mammy Johnsons River at Crossing (209002),NSW,-32.2453,151.9778,157.5,0.99413,Cfb,Temperate (C)
209003,FALSE,45,Karuah River at Booral (209003),NSW,-32.48,151.96,982.1,0.8296,Cfb,Temperate (C)
210006,FALSE,48,Goulburn River at Coggan (210006),NSW,-32.342778,150.101389,3390.6,0.70011,Cfa,Temperate (C)
210011,FALSE,53,William River at Tillegra (210011),NSW,-32.318889,151.688056,195.9,0.59343,Cfb,Temperate (C)
210014,FALSE,52,Rouchel Brook River at Rouchel Brook (The Vale) (210014),NSW,-32.1531,151.0474,401.3,0.77598,Cfb,Temperate (C)
210016,FALSE,43,Goulburn River at Kerrabee (210016),NSW,-32.42,150.32,4973.6,0.66186,Cfa,Temperate (C)
210017,FALSE,44,Moonan Brook River at Moonan Brook (210017),NSW,-31.9437,151.2797,102.4,0.99313,Cfb,Temperate (C)
210022,TRUE,56,Allyn River at Halton (210022),NSW,-32.3078,151.5117,188.7,0.83413,Cfb,Temperate (C)
210031,FALSE,58,Goulburn River at Sandy Hollow (210031),NSW,-32.35,150.57,6815.3,0.71193,Cfa,Temperate (C)
210040,FALSE,55,Wybong Creek at Wybong (210040),NSW,-32.2708,150.6349,670.9,0.54677,Cfa,Temperate (C)
210052,FALSE,50,Pages River at Gundy Recorder (210052),NSW,-32.0119,150.9965,1070.4,0.71541,Cfa,Temperate (C)
211009,TRUE,41,Wyong River at Gracemere (211009),NSW,-33.2724,151.3593,236.5,0.99853,Cfa,Temperate (C)
211013,FALSE,41,Ourimbah Creek at U/S Weir (211013),NSW,-33.3497,151.3428,81.6,0.99445,Cfa,Temperate (C)
211014,FALSE,41,Wyong River at Yarramalong (211014),NSW,-33.2198,151.2734,180.9,1,Cfa,Temperate (C)
212040,TRUE,32,Kialla Creek at Pomeroy (212040),NSW,-34.6089,149.5431,91.9,0.01894,Cfb,Temperate (C)
212260,TRUE,38,Kowmung River at Cedar Ford (212260),NSW,-33.947222,150.244444,715.3,0.93213,Cfb,Temperate (C)
215002,TRUE,30,Shoalhaven River at Warri  (215002),NSW,-35.340833,149.739444,1396,0.65354,Cfb,Temperate (C)
215004,TRUE,34,Corang River at Hockeys (215004),NSW,-35.146944,150.033056,163.7,0.98552,Cfb,Temperate (C)
215207,TRUE,37,Shoalhaven River at Fossickers Flat,NSW,-34.818901,150.182923,4682,0.77608,Cfb,Temperate (C)
216002,TRUE,46,Clyde River at Brooman (216002),NSW,-35.468056,150.237222,859.7,0.98384,Cfb,Temperate (C)
216009,TRUE,35,BuCreekenbowra River at Buckenbowra No.3 (216009),NSW,-35.714,150.0342,162,0.97856,Cfb,Temperate (C)
218001,TRUE,51,Tuross River at Tuross Vale (218001),NSW,-36.265,149.510556,90.1,0.98695,Cfb,Temperate (C)
218005,TRUE,54,Tuross River at D/S Wadbilliga R Junct (218005),NSW,-36.1975,149.7606,918.9,0.92922,Cfb,Temperate (C)
218007,TRUE,47,Wadbilliga River at Wadbilliga (218007),NSW,-36.2586,149.6914,123.5,0.98901,Cfb,Temperate (C)
218008,TRUE,43,Tuross River at Eurobodalla (218008),NSW,-36.13,150,1607.2,0.94526,Cfb,Temperate (C)
219001,TRUE,60,Rutherford Creek at Brown Mountain (219001),NSW,-36.593889,149.4425,15.3,0.99999,Cfb,Temperate (C)
219003,TRUE,63,Bemboka River at Morans Crossing (219003),NSW,-36.6674,149.6469,314.5,0.70434,Cfb,Temperate (C)
219006,TRUE,63,Tantawangalo Creek at Tantawangalo Mountain Dam (219006),NSW,-36.78,149.54,80.7,0.99832,Cfb,Temperate (C)
219017,TRUE,55,Double Creek at near Brogo (219017),NSW,-36.6,149.8094,152.9,0.75536,Cfb,Temperate (C)
219022,TRUE,49,Tantawangalo Creek at Candelo Dam Site (219022),NSW,-36.7319,149.6842,198.9,0.79419,Cfb,Temperate (C)
220003,TRUE,55,Pambula River at Lochiel (220003),NSW,-36.9414,149.8194,106.4,0.98551,Cfb,Temperate (C)
221002,TRUE,47,Wallagaraugh River at Princes HWY (221002),NSW,-37.3719,149.7125,480.1,0.9996,Cfb,Temperate (C)
221201,FALSE,63,Cann(West Branch River at Weeragua (221201),VIC,-37.373,149.2,323.3,0.99535,Cfb,Temperate (C)
221207,TRUE,52,Errinundra River at Errinundra (221207),VIC,-37.447222,148.914167,158.1,0.98943,Cfb,Temperate (C)
221208,TRUE,42,Wingan River at Wingan Inlet National Park (221208),VIC,-37.689,149.49,421,0.99913,Cfb,Temperate (C)
221209,TRUE,49,Cann(East Branch River at Weeragua (221209),VIC,-37.356,149.21,148.9,0.99571,Cfb,Temperate (C)
221210,FALSE,49,Genoa River at The Gorge (221210),VIC,-37.416389,149.518611,838.8,0.99643,Cfb,Temperate (C)
221211,FALSE,47,Combienbar River at Combienbar (221211),VIC,-37.44,148.98,179.3,0.98454,Cfb,Temperate (C)
221212,TRUE,46,Bemm River at Princes HWY (221212),VIC,-37.606,148.9,727.2,0.99179,Cfb,Temperate (C)
222004,FALSE,63,Little Plains River at Wellesley (Rowes) (222004),NSW,-36.9969,149.0925,614.3,0.72509,Cfb,Temperate (C)
222016,TRUE,39,Pinch River at The Barry Way (222016),NSW,-36.7936,148.4033,157.9,0.93221,Cfb,Temperate (C)
222202,TRUE,61,Brodribb Riber River at Sardine Creek (222202),VIC,-37.512,148.55,652.1,0.99018,Cfb,Temperate (C)
222206,TRUE,63,Buchan River at Buchan (222206),VIC,-37.494722,148.174722,847.5,0.9425,Cfb,Temperate (C)
222210,TRUE,50,Deddick River at Deddick (Caseys) (222210),VIC,-37.0853747,148.4241522,846.1,0.95102,Cfb,Temperate (C)
222213,TRUE,55,Suggan Buggan River at Suggan Buggan (222213),VIC,-36.954722,148.326667,363.7,0.95335,Cfb,Temperate (C)
222217,TRUE,45,Rodger River at Jacksons Crossing (222217),VIC,-37.41,148.36,432.1,0.97275,Cfb,Temperate (C)
223202,TRUE,63,Tambo River at Swifts Creek (223202),VIC,-37.268056,147.728056,894.3,0.83945,Cfb,Temperate (C)
223204,TRUE,57,Nicholson River at Deptford (223204),VIC,-37.59294631,147.697124,289.1,0.96378,Cfb,Temperate (C)
223205,TRUE,54,Tambo River at D/S Of Ramrod Creek (223205),VIC,-37.67253062,147.8698513,2673.2,0.84863,Cfb,Temperate (C)
224201,TRUE,55,Wonnangatta R River at Waterford (224201),VIC,-37.49,147.17,1974.8,0.93571,Cfb,Temperate (C)
224203,TRUE,61,Mitchell River at Glenaladale (224203),VIC,-37.76358991,147.3747776,3917.6,0.93456,Cfb,Temperate (C)
224206,TRUE,60,Wonnangatta River at Crooked River (224206),VIC,-37.406389,147.088056,1102.3,0.95782,Cfb,Temperate (C)
224213,TRUE,46,Dargo River at Lower Dargo Rd (224213),VIC,-37.493889,147.271389,666.3,0.8799,Cfb,Temperate (C)
224214,TRUE,45,Wentworth River at Tabberabbera (224214),VIC,-37.494444,147.393333,440.6,0.96223,Cfb,Temperate (C)
225020A,TRUE,33,South Cascade Creek at Thomson Valley Road (225020A),VIC,-37.833333,146.354167,11.5,1,Cfb,Temperate (C)
225201,TRUE,43,Avon River at Stratford (225201),VIC,-37.9685868,147.0760061,1460.2,0.84528,Cfb,Temperate (C)
225209,TRUE,55,Macalister River at Licola (225209),VIC,-37.62961037,146.6233123,1237.3,0.93071,Cfb,Temperate (C)
225213,TRUE,57,Aberfeldy River at Beardmore (225213),VIC,-37.854,146.43,311,0.96089,Cfb,Temperate (C)
225218,FALSE,54,Freestone Creek at Briagolong (225218),VIC,-37.812,147.09,305.2,0.96765,Cfb,Temperate (C)
225219,TRUE,52,Macalister River at Glencairn (225219),VIC,-37.516111,146.566111,572,0.92557,Cfb,Temperate (C)
225221,TRUE,41,Macalister River at Stringybark Creek (225221),VIC,-37.76935073,146.6677493,1541.3,0.9285,Cfb,Temperate (C)
225223,TRUE,44,Valencia Creek at Gillio Road (225223),VIC,-37.74346413,146.9922931,202.2,0.98247,Cfb,Temperate (C)
225224,TRUE,46,Avon River at The Channel (225224),VIC,-37.80184085,146.8849073,557,0.96686,Cfb,Temperate (C)
226023,TRUE,49,Traralgon Creek at Traralgon (226023),VIC,-38.19405359,146.5439326,168.4,0.76853,Cfb,Temperate (C)
226204,TRUE,63,Latrobe River at Willow Grove (226204),VIC,-38.089,146.16,562.9,0.92791,Cfb,Temperate (C)
226205,FALSE,60,Latrobe River at Noojee (226205),VIC,-37.90701017,146.0221188,296.1,0.98241,Cfb,Temperate (C)
226209,TRUE,61,Moe R River at Darnum (226209),VIC,-38.206,146,215.7,0.04204,Cfb,Temperate (C)
226218,TRUE,61,Narracan Creek at Thorpdale (226218),VIC,-38.27191618,146.1865277,65.7,0.27455,Cfb,Temperate (C)
226220,TRUE,54,Loch River at Noojee (226220),VIC,-37.866667,146.006111,104.2,0.9995,Cfb,Temperate (C)
226222,FALSE,33,Latrobe River at Near Noojee (226222),VIC,-37.881944,145.8925,64.7,0.99895,Cfb,Temperate (C)
226226,TRUE,61,Tanjil River at Tanjil Junction (226226),VIC,-37.98,146.19,299.2,0.99719,Cfb,Temperate (C)
226402,TRUE,63,Moe Drain River at Trafalgar East (226402),VIC,-38.176,146.21,609.4,0.17959,Cfb,Temperate (C)
226407,TRUE,47,Morwell River at Boolarra (226407),VIC,-38.4075,146.304722,115,0.90456,Cfb,Temperate (C)
226410,TRUE,57,Traralgon Creek at Koornalla (226410),VIC,-38.323,146.53,83.9,0.95118,Cfb,Temperate (C)
227200,TRUE,52,Tarra River at Yarram (227200),VIC,-38.538,146.68,222.1,0.79018,Cfb,Temperate (C)
227202,TRUE,62,Tarwin River at Meeniyan (227202),VIC,-38.582,145.99,1069.5,0.17936,Cfb,Temperate (C)
227205,TRUE,54,Merriman Creek at Calignee South (227205),VIC,-38.35208581,146.6547464,39.2,0.97901,Cfb,Temperate (C)
227210,TRUE,61,Bruthen Creek at Carrajung Lower (227210),VIC,-38.39502395,146.74407,17.8,0.98507,Cfb,Temperate (C)
227211,TRUE,61,Agnes River at Toora (227211),VIC,-38.64,146.37,66.2,0.7321,Cfb,Temperate (C)
227213,TRUE,58,Jack River at Jack River (227213),VIC,-38.52579869,146.538118,35,0.99976,Cfb,Temperate (C)
227219,TRUE,54,Bass River at Loch (227219),VIC,-38.358,145.72,53.9,0.00108,Cfb,Temperate (C)
227225,TRUE,52,Tarra River at Fischers (227225A),VIC,-38.469722,146.555278,20.3,0.9998,Cfb,Temperate (C)
227226,TRUE,51,Tarwin River East Branch  at Dumbalk North (227226),VIC,-38.499722,146.160833,127.1,0.34155,Cfb,Temperate (C)
227227,TRUE,44,Wilkur Creek at Leongatha (227227),VIC,-38.393333,145.957222,105.1,0.16987,Cfb,Temperate (C)
227231,TRUE,48,Bass River at Glen Forbes South (227231),VIC,-38.467,145.51,233.7,0.03428,Cfb,Temperate (C)
227236,FALSE,41,Powlett River at D/S Foster Ck Junction (227236),VIC,-38.559,145.71,233.8,4.2e-4,Cfb,Temperate (C)
227237,TRUE,42,Franklin River at Toora (227237),VIC,-38.63,146.31,73.6,0.876,Cfb,Temperate (C)
230205,TRUE,60,Deep Creek at Bulla (D/S of Emu Ck Ju (230205),VIC,-37.632,144.8,861.2,0.19453,Cfb,Temperate (C)
230209,TRUE,52,Barringo Creek at Barringo (U/S Of Diversion) (230209),VIC,-37.41050387,144.6260551,5.5,1,Cfb,Temperate (C)
230210,TRUE,52,Saltwater Creek at Bullengarook (230210),VIC,-37.471944,144.524167,39,0.99562,Cfb,Temperate (C)
231211,TRUE,43,Lerderderg River at U/S Goodman Ck Junction (231211),VIC,-37.63,144.43,234.5,0.98488,Cfb,Temperate (C)
231213,TRUE,59,Lerderderg River at Sardine Creek O'brien Crossing (231213),VIC,-37.496111,144.359722,153.4,0.97845,Cfb,Temperate (C)
231225,TRUE,44,Werribee River at Ballan (U/S Old Western H- (231225),VIC,-37.598,144.25,108.2,0.66524,Cfb,Temperate (C)
231231,TRUE,36,Toolern Creek at Melton South (231231),VIC,-37.72796,144.57898,85.8,0.43508,Cfb,Temperate (C)
232214,TRUE,42,Black Creek at U/S Of Bungal Dam (232214),VIC,-37.62982,144.06236,11.7,0.00424,Cfb,Temperate (C)
232215,TRUE,42,Woollen Creek at U/S Of Bungal Dam (232215),VIC,-37.6337175,144.0807662,8.8,0.07321,Cfb,Temperate (C)
233214,TRUE,61,Barwon River East Branch at Forrest (233214),VIC,-38.52871645,143.730405,16.6,1,Cfb,Temperate (C)
233223,FALSE,45,Warrambine Creek at Warrambine (233223),VIC,-37.928637,143.8663116,53.5,0.02093,Cfb,Temperate (C)
234200,TRUE,57,Woady Yaloak River River at Pitfield (234200),VIC,-37.809,143.59,309.5,0.5259,Cfb,Temperate (C)
234201,TRUE,58,Woady Yaloak River at Cressy (Yarima) (234201),VIC,-38.012,143.64,1149.2,0.26132,Cfb,Temperate (C)
234203,FALSE,48,Pirron YalloCreek C River at Pirron Yallock (above H'Wy (234203),VIC,-38.354,143.42,164.6,0.2271,Cfb,Temperate (C)
234209,FALSE,43,Dean Creek at Lake Colac (234209),VIC,-38.33843869,143.5583248,53.7,7.7e-4,Cfb,Temperate (C)
235202,FALSE,60,Gellibrand River River at Upper Gelliberand (235202),VIC,-38.564,143.66,51.6,0.99277,Cfb,Temperate (C)
235203,FALSE,46,Curdies River River at Curdie (235203),VIC,-38.445,142.96,780.5,0.09045,Cfb,Temperate (C)
235204,FALSE,43,Little Aire Creek at Beech Forest (235204),VIC,-38.6548305,143.5291815,11.1,0.9009,Cfb,Temperate (C)
235205,FALSE,62,Arkins Creek West Branch at Wyelangta (235205),VIC,-38.638056,143.443056,4.4,1,Cfb,Temperate (C)
235209,FALSE,54,Aire River at Beech Forest (235209),VIC,-38.66849499,143.5812749,25.1,1,Cfb,Temperate (C)
235210,FALSE,55,Lardner Creek at Gellibrand (235210),VIC,-38.535,143.54,51.6,0.99784,Cfb,Temperate (C)
235211,FALSE,55,Kennedys Creek at Kennedys Ck (235211),VIC,-38.588,143.26,266.3,0.41577,Cfb,Temperate (C)
235219,FALSE,51,Aire River at Wyelangta (235219),VIC,-38.7031718,143.4772919,90.3,0.9705,Cfb,Temperate (C)
235224,FALSE,52,Gellibrand River at Burrupa (235224),VIC,-38.7,143.25,1038.3,0.80966,Cfb,Temperate (C)
235227,FALSE,42,Gellibrand River at Bunkers Hill (235227),VIC,-38.5241,143.4829,314.1,0.98424,Cfb,Temperate (C)
235233,FALSE,42,Barham River East Branch at Apollo Bay Paradise (235233),VIC,-38.75502396,143.6249731,43.9,0.99878,Cfb,Temperate (C)
235234,TRUE,40,Love Creek at Gellibrand (235234),VIC,-38.483,143.57,76.6,0.95727,Cfb,Temperate (C)
235237,FALSE,38,Scotts Creek at Curdie (Digneys Br) (235237),VIC,-38.448,142.99,344.7,0.08281,Cfb,Temperate (C)
236202,TRUE,52,Hopkins River at Wickliffe (236202),VIC,-37.694023,142.725571,1394.3,0.09047,Cfb,Temperate (C)
236203,TRUE,60,Mount Emu Creek at Skipton (236203),VIC,-37.68769856,143.3600674,1251.5,0.17793,Cfb,Temperate (C)
236204,TRUE,59,Fiery Creek at Streatham (236204),VIC,-37.68052,143.0657,986.4,0.09843,Cfb,Temperate (C)
236205,FALSE,55,Merri River at Woodford (236205),VIC,-38.316,142.48,902.2,0.00495,Cfb,Temperate (C)
236209,FALSE,61,Hopkins River at Hopkins Falls (236209),VIC,-38.33543732,142.6251911,8453.8,0.06103,Cfb,Temperate (C)
236210,FALSE,61,Hopkins River at Framlingham (236210),VIC,-38.24379422,142.7030202,5191.7,0.04795,Cfb,Temperate (C)
236212,FALSE,46,BruCreeknell Creek at Cudgee (236212),VIC,-38.346,142.65,219.2,0.02484,Cfb,Temperate (C)
236213,TRUE,46,Mount Emu Creek at Mena Park (236213),VIC,-37.531111,143.466389,464.1,0.30201,Cfb,Temperate (C)
236216,TRUE,40,Mount Emu Creek at Taroon (Ayrford Road Bridge) (236216),VIC,-38.30559215,142.8812902,2984.6,0.0845,Cfb,Temperate (C)
237200,FALSE,61,Moyne River at Toolong (237200),VIC,-38.31991057,142.2264285,559,0.00166,Cfb,Temperate (C)
237202,FALSE,53,Fitzroy River at Heywood (237202),VIC,-38.126,141.62,261.4,0.59744,Csb,Temperate (C)
237205,FALSE,51,Darlot Creek at Homerton Br (237205),VIC,-38.15,141.77,732.3,0.22856,Csb,Temperate (C)
237206,FALSE,48,Eumeralla River at Codrington (237206),VIC,-38.258,141.94,432.8,0.20269,Csb,Temperate (C)
237207,FALSE,46,Surry River at Heathmere (237207),VIC,-38.243,141.66,303.6,0.6077,Csb,Temperate (C)
238204,TRUE,51,Wannon River River at Dunkeld (238204),VIC,-37.631,142.34,576.9,0.4873,Cfb,Temperate (C)
238208,TRUE,63,Jimmy Creek at Jimmy Creek (238208),VIC,-37.373333,142.507778,22.5,0.95699,Cfb,Temperate (C)
238219,FALSE,51,Grange Burn at Morgiana (238219),VIC,-37.70876208,141.8325532,987.2,0.01516,Csb,Temperate (C)
238223,FALSE,46,Wando River at Wando Vale (238223),VIC,-37.496,141.43,175.7,0.15325,Csb,Temperate (C)
238229,FALSE,50,Chetwynd River at Chetwynd (238229),VIC,-37.321,141.48,70.6,0.03677,Csb,Temperate (C)
238230,FALSE,47,Stokes River at Teakettle (238230),VIC,-37.87,141.41,201.1,0.7987,Csb,Temperate (C)
238231,FALSE,41,Glenelg River at Big Cord (238231),VIC,-37.312,142.37,58.4,0.99312,Cfb,Temperate (C)
238235,FALSE,51,Crawford River at Lower Crawford (238235),VIC,-37.98,141.46,600.4,0.55944,Csb,Temperate (C)
302200,TRUE,43,Swan river at The Grange (302200),TAS,-42.0467,148.075,457.2,0.92285,Cfb,Temperate (C)
302208,FALSE,51,Meredith Reiver at Swansea (302208),TAS,-42.1217,148.04,86.1,0.99662,Cfb,Temperate (C)
303203,FALSE,48,Coal River at Baden (303203),TAS,-42.435,147.4533,54.1,0.37848,Cfb,Temperate (C)
304040,FALSE,63,Florentine River at U/S Derwent Junction (304040),TAS,-42.4417,146.515,444.6,0.9845,Cfb,Temperate (C)
304497,FALSE,57,Nive River at Gowan Brae (304497),TAS,-42.030556,146.419722,177.6,0.83599,Cfb,Temperate (C)
304499,FALSE,56,Tyenna River at Newbury (304499),TAS,-42.706389,146.711111,206.1,0.97898,Cfb,Temperate (C)
305202,FALSE,46,Snug Rivulet at U/S Snug Tiers Rd Bridge (305202),TAS,-43.071111,147.236944,17.4,0.99296,Cfb,Temperate (C)
306119,FALSE,45,Huon River above Frying PanCreek (306119),TAS,-43.0367,146.84,1822.5,0.94728,Cfb,Temperate (C)
307473,FALSE,48,Davey River at D/S Crossing Rv  (307473),TAS,-43.1412,145.95,697.9,0.87327,Cfb,Temperate (C)
308145,FALSE,53,Franklin River at Mt Fincham Track (308145),TAS,-42.241667,145.767222,774,0.96094,Cfb,Temperate (C)
308799,FALSE,41,Collingwood river at B/L Alma (308799),TAS,-42.164167,145.928056,268.3,0.96901,Cfb,Temperate (C)
312061,FALSE,63,Hellyer River at Guilford Junction (312061),TAS,-41.419444,145.670556,99.4,0.99473,Cfb,Temperate (C)
314207,FALSE,52,Leven River at at Bannons Bridge (314207),TAS,-41.250833,146.09,499.6,0.93658,Cfb,Temperate (C)
314212,FALSE,51,Cam River U/S Somerset WS (314212),TAS,-41.06,145.8367,225.5,0.9391,Cfb,Temperate (C)
314213,FALSE,46,Black River at South Forest (314213),TAS,-40.872222,145.297778,319,0.98161,Cfb,Temperate (C)
314214,FALSE,54,Duck River at Scotchtown Road (314214),TAS,-40.8733,145.1183,359.2,0.63903,Cfb,Temperate (C)
315450,FALSE,59,Forth River at U/S Lemonthyme (315450),TAS,-41.611667,146.130556,309.6,0.94278,Cfb,Temperate (C)
316624,FALSE,49,Arm River at U/S Mersey (316624),TAS,-41.6894,146.2154,86.3,0.98871,Cfb,Temperate (C)
317200,FALSE,53,Rubican River at Tidal Limit (317200),TAS,-41.2567,146.5667,259.6,0.66934,Cfb,Temperate (C)
318076,TRUE,58,North Esk River at Ballroom (318076),TAS,-41.494444,147.384167,374.2,0.92181,Cfb,Temperate (C)
318150,FALSE,48,River at South Esk at Llewellyn (318150),TAS,-41.8167,147.5633,2282.4,0.85147,Cfb,Temperate (C)
318181,FALSE,63,South Esk River at U/S Macquarie R (at Per (318181),TAS,-41.5983,147.2033,3294.7,0.76201,Cfb,Temperate (C)
318191,TRUE,37,Break O'Day River at at Killymoon (318191),TAS,-41.5967,148.0567,185.7,0.69499,Cfb,Temperate (C)
319204,FALSE,47,Pipers River D/S  Yarrow Creek (319204),TAS,-41.0667,147.11,303,0.79355,Cfb,Temperate (C)
401009,FALSE,54,Maragle Creek at Maragle (401009),NSW,-35.926111,148.100833,215.5,0.82601,Cfb,Temperate (C)
401012,TRUE,48,Murray River at Biggara (401012),NSW,-36.318333,148.051944,1257.2,0.94789,Cfb,Temperate (C)
401013,TRUE,45,Jingellic Creek at Jingellic (401013),NSW,-35.8972,147.6917,392,0.73289,Cfb,Temperate (C)
401015,FALSE,45,Bowna Creek at Yambla (401015),NSW,-35.916667,146.976944,273.5,0.10171,Cfa,Temperate (C)
401017,TRUE,34,Mannus Creek at Yarramundi (401017),NSW,-35.77,147.93,199.4,0.20276,Cfb,Temperate (C)
401203,TRUE,63,Mitta Mitta River at Hinnomunjie (401203),VIC,-36.948056,147.606944,1520.4,0.77292,Cfb,Temperate (C)
401208,TRUE,56,Cudgewa Creek at Berringama (401208),VIC,-36.213333,147.677778,356.2,0.84718,Cfb,Temperate (C)
401210,FALSE,63,Snowy Creek at Below Granite Flat (401210),VIC,-36.568611,147.413611,412.9,0.97714,Cfb,Temperate (C)
401212,TRUE,61,Nariel Creek at Upper Nariel (401212),VIC,-36.446111,147.829444,254.7,0.97209,Cfb,Temperate (C)
401215,TRUE,58,Morass Creek at Uplands (401215),VIC,-36.86621971,147.7035132,536.7,0.64189,Cfb,Temperate (C)
401216,TRUE,60,Big River at Jokers Creek (401216),VIC,-36.933056,147.4725,358.1,0.82987,Cfb,Temperate (C)
401217,TRUE,48,Gibbo River at Gibbo Park (401217),VIC,-36.756111,147.708611,389.2,0.93866,Cfb,Temperate (C)
401220,FALSE,40,Tallangatta Creek at McCallums (401220),VIC,-36.213,147.34,454.7,0.72153,Cfb,Temperate (C)
402204,FALSE,53,Yackandandah Creek at Osbornes Flat (402204),VIC,-36.303333,146.906111,280.5,0.61585,Cfa,Temperate (C)
402206,FALSE,44,Running Creek at Running Creek (402206),VIC,-36.54,147.044444,127.4,0.93035,Cfb,Temperate (C)
402213,FALSE,47,Kinchington Creek at Osbornes Flat (402213),VIC,-36.316389,146.894444,120.3,0.4013,Cfa,Temperate (C)
402217,FALSE,39,Flaggy Creek at Myrtleford Road Bridge (402217),VIC,-36.385833,146.876389,22.5,0.41846,Cfa,Temperate (C)
403200,FALSE,59,Ovens River at Wangaratta (403200),VIC,-36.35066081,146.3209358,5117.2,0.73293,Cfa,Temperate (C)
403205,FALSE,57,Ovens Rivers at Bright (403205),VIC,-36.72564366,146.9525954,493.7,0.96691,Cfb,Temperate (C)
403209A,FALSE,47,Reedy Creek at Wangaratta North (403209A),VIC,-36.3325,146.344722,5486.9,0.72192,Cfa,Temperate (C)
403213,FALSE,59,Fifteen Mile Creek at Greta South (403213),VIC,-36.619444,146.244722,227.1,0.86662,Cfb,Temperate (C)
403214,FALSE,59,Happy Valley Creek at Rosewhite (403214),VIC,-36.577778,146.820278,137.6,0.69697,Cfb,Temperate (C)
403217,FALSE,48,Rose River at Matong North (403217),VIC,-36.824722,146.583611,177.8,0.96851,Cfb,Temperate (C)
403221,FALSE,56,Reedy Creek at Woolshed (403221),VIC,-36.311667,146.601111,211.5,0.62348,Cfa,Temperate (C)
403222,FALSE,54,Buffalo River at Abbeyard (403222),VIC,-36.910833,146.700556,414.8,0.96425,Cfb,Temperate (C)
403223,FALSE,51,King River at Docker Road Bridge (403223),VIC,-36.5163133,146.3894165,1083.1,0.76512,Cfb,Temperate (C)
403224,FALSE,46,Hurdle Creek at Bobinawarrah (403224),VIC,-36.513,146.45,152.3,0.62315,Cfb,Temperate (C)
403226,FALSE,50,Boggy Creek at Angleside (403226),VIC,-36.605556,146.362222,107.9,0.63922,Cfb,Temperate (C)
403230,FALSE,53,Ovens River at Rocky Point (403230),VIC,-36.5334707,146.6683095,2966.7,0.90487,Cfb,Temperate (C)
403232,FALSE,47,Morses Creek at Wandiligong (403232),VIC,-36.751111,146.979722,125.3,0.99024,Cfb,Temperate (C)
403233,FALSE,44,Buckland River at Harris Lane (403233),VIC,-36.72149292,146.8820491,457.1,0.94718,Cfb,Temperate (C)
404204,FALSE,53,Boosey Creek at Tungamah (404204),VIC,-36.12376902,145.8319105,830.3,0.10097,Cfa,Temperate (C)
404207,FALSE,61,Holland Creek at Kelfeera (404207),VIC,-36.612222,146.058611,454.7,0.65326,Cfb,Temperate (C)
405205,TRUE,45,Murrindindi River at Murrindindi above Colwells (405205),VIC,-37.413889,145.564167,107.8,0.97086,Cfb,Temperate (C)
405209,TRUE,48,Acheron River at Taggerty (405209),VIC,-37.317778,145.713889,625.8,0.93734,Cfb,Temperate (C)
405212,FALSE,56,Sunday Creek at Tallarook (405212),VIC,-37.1,145.06,333.2,0.45429,Cfb,Temperate (C)
405214,FALSE,61,Delatite River at Tonga Br (405214),VIC,-37.159,146.11,359.8,0.53438,Cfb,Temperate (C)
405215,FALSE,45,Howqua River at Glen Esk (405215),VIC,-37.229444,146.207222,369.5,0.95607,Cfb,Temperate (C)
405217,TRUE,44,Yea River at Devlins Bridge (405217),VIC,-37.383056,145.473333,360.2,0.75922,Cfb,Temperate (C)
405218,TRUE,62,Jamieson River at Gerrang Bridge (405218),VIC,-37.291667,146.1875,366.8,0.95338,Cfb,Temperate (C)
405219,TRUE,49,Goulburn River at Dohertys (405219),VIC,-37.3325,146.130278,699.1,0.95495,Cfb,Temperate (C)
405226,FALSE,44,Pranjip Creek at Moorlim (405226),VIC,-36.621111,145.306667,788.4,0.04183,Cfb,Temperate (C)
405227,TRUE,49,Big River at Jamieson (405227),VIC,-37.3675,146.056944,628.1,0.98933,Cfb,Temperate (C)
405228,FALSE,46,Hughes Creek at Tarcombe Rd (405228),VIC,-36.95,145.28,480.6,0.14263,Cfb,Temperate (C)
405229,TRUE,52,Wanalta Creek at Wanalta (405229),VIC,-36.635,144.87,108.7,0.53053,Cfb,Temperate (C)
405230,TRUE,47,Cornella Creek at Colbinabbin (405230),VIC,-36.604,144.81,259.3,0.41681,Cfb,Temperate (C)
405231,TRUE,46,King Parrot Creek at Flowerdale (405231),VIC,-37.347,145.29,182.7,0.97829,Cfb,Temperate (C)
405234,TRUE,54,Seven Creeks River at D/S of Polly McQuinn Weir (405234),VIC,-36.888,145.68,154.8,0.14744,Cfb,Temperate (C)
405237,TRUE,52,Seven Creeks at Euroa Township (405237),VIC,-36.762369,145.585843,341.5,0.13489,Cfb,Temperate (C)
405238,FALSE,46,Mollison Creek at Pyalong (405238),VIC,-37.120278,144.856944,164.3,0.23295,Cfb,Temperate (C)
405240,FALSE,45,Sugarloaf Creek at Ash Br (405240),VIC,-37.061,145.06,611.3,0.14903,Cfb,Temperate (C)
405241,TRUE,48,Rubicon River at Rubicon (405241),VIC,-37.291,145.83,127.7,0.9696,Cfb,Temperate (C)
405245,FALSE,50,Ford Creek at Mansfield (405245),VIC,-37.038611,146.053889,117.3,0.03768,Cfb,Temperate (C)
405246,FALSE,45,Castle Creek at Arcadia (405246),VIC,-36.59083189,145.3511279,202.7,0.04142,Cfb,Temperate (C)
405248,TRUE,50,Major Creek at Graytown (405248),VIC,-36.853611,144.914444,292.1,0.67626,Cfb,Temperate (C)
405251,FALSE,47,Brankeet Creek at Ancona (405251),VIC,-36.968611,145.783889,118.6,0.74215,Cfb,Temperate (C)
405263,TRUE,35,Goulburn River at U/S of Snake Creek Junction (405263),VIC,-37.462778,146.247778,327.6,0.94247,Cfb,Temperate (C)
405264,TRUE,46,Big River at D/S of Frenchman Creek Junction (405264),VIC,-37.520556,146.076667,336.5,0.99063,Cfb,Temperate (C)
405274,TRUE,44,Home Creek at Yarck (405274),VIC,-37.106111,145.605,181.4,0.26622,Cfb,Temperate (C)
406208,TRUE,63,Campaspe River at Ashborne (406208),VIC,-37.387778,144.450556,37.9,0.86208,Cfb,Temperate (C)
406213,TRUE,44,Campaspe River at Redesdale (406213),VIC,-37.016111,144.539167,638,0.19307,Cfb,Temperate (C)
406214,TRUE,49,Axe Creek at Longlea (406214),VIC,-36.773889,144.428333,236.2,0.57363,Cfb,Temperate (C)
406224,FALSE,40,Mount Pleasant Creek at Runnymede (406224),VIC,-36.546389,144.637222,242.3,0.14701,Cfb,Temperate (C)
406226,TRUE,41,Mount Ida Creek at Derrinal (406226),VIC,-36.881,144.65,173,0.40232,Cfb,Temperate (C)
406235,TRUE,36,Wild DuCreek Creek at U/S of Heathcote-Mia Mia (406235),VIC,-36.948,144.66,213.4,0.14373,Cfb,Temperate (C)
406250,TRUE,34,Coliban River at Springhill-Tylden Rd (406250),VIC,-37.32,144.37,78.2,0.64396,Cfb,Temperate (C)
407213,TRUE,44,McCallums Creek at Carisbrook (407213),VIC,-37.085,143.81,467.7,0.38204,Cfb,Temperate (C)
407214,TRUE,63,Creswick Creek at Clunes (407214),VIC,-37.296944,143.789444,305.7,0.28526,Cfb,Temperate (C)
407215,TRUE,37,Loddon River at Newstead (407215),VIC,-37.108889,144.058889,1027.5,0.66177,Cfb,Temperate (C)
407217,TRUE,58,Loddon River at Vaughan D/S Fryers Creek (407217),VIC,-37.15795783,144.2084168,294.7,0.81284,Cfb,Temperate (C)
407220,TRUE,37,Bet Bet Creek at Norwood (407220),VIC,-36.993611,143.644167,351,0.17505,Cfb,Temperate (C)
407221,TRUE,59,Larni Barramal Yaluk at Yandoit (407221),VIC,-37.2064268,144.100373,167.5,0.7741,Cfb,Temperate (C)
407230,TRUE,48,Joyces Creek at Strathlea (407230),VIC,-37.162222,143.960833,150.8,0.33978,Cfb,Temperate (C)
407246,TRUE,45,Bullock Creek at Marong (407246),VIC,-36.72893939,144.1360524,186.3,0.39265,Cfb,Temperate (C)
407253,FALSE,44,Piccaninny Creek at Minto (407253),VIC,-36.452222,144.468889,679.5,0.4568,BSk,Dry (B)
408200,TRUE,53,Avoca River at Coonooer (408200),VIC,-36.438056,143.298333,2677.9,0.32702,BSk,Dry (B)
408202,TRUE,51,Avoca River at Amphitheatre (408202),VIC,-37.181944,143.405556,76.6,0.24152,Cfb,Temperate (C)
408206,TRUE,34,Avoca River at Archdale Junction (408206),VIC,-36.885,143.5,667.5,0.3372,Cfb,Temperate (C)
410024,TRUE,63,Goodradigbee River at Wee Jasper (Kashmir) (410024),NSW,-35.1672,148.6855,989.3,0.98458,Cfb,Temperate (C)
410026,TRUE,52,Yass River at Yass (410026),NSW,-34.8367,148.9103,1229.1,0.4322,Cfb,Temperate (C)
410033,TRUE,57,Murrumbidgee River at Mittagang Crossing (410033),NSW,-36.17,149.09,1894.8,0.71373,Cfb,Temperate (C)
410038,TRUE,51,Adjungbilly Creek at Darbalara (410038),NSW,-35.0192,148.2457,389.2,0.63199,Cfb,Temperate (C)
410044,TRUE,39,Muttama Creek at Coolac (410044),NSW,-34.9319,148.1616,1062.5,0.10423,Cfa,Temperate (C)
410047,TRUE,48,Tarcutta Creek at Old Borambola (410047),NSW,-35.1639,147.6543,1646,0.4558,Cfa,Temperate (C)
410057,TRUE,63,Goobarragandra River at Lacmalac (410057),NSW,-35.33,148.348889,664.7,0.97476,Cfb,Temperate (C)
410061,TRUE,63,Adelong Creek at Batlow Road (410061),NSW,-35.332222,148.069167,146.6,0.57641,Cfb,Temperate (C)
410062,TRUE,56,Numeralla River at Numeralla School (410062),NSW,-36.1793,149.3485,674.1,0.73511,Cfb,Temperate (C)
410088,TRUE,58,Goodradigbee River at Brindabella (No.2&No.3-Cab (410088),NSW,-35.42,148.73,428.1,0.98261,Cfb,Temperate (C)
410091,TRUE,38,Billabong Creek at Walbundrie (410091),NSW,-35.69,146.72,2636.3,0.1332,Cfa,Temperate (C)
410141,TRUE,38,Micaligo Creek at Michelago (410141),NSW,-35.7053,149.1488,190.6,0.7315,Cfb,Temperate (C)
410156,TRUE,36,Kyeamba Creek at Book Book (410156),NSW,-35.35,147.55,144.4,0.06104,Cfa,Temperate (C)
410705,TRUE,60,Molonglo River at Burbong (410705),NSW,-35.335556,149.316111,498,0.6304,Cfb,Temperate (C)
410713,TRUE,57,Paddy's River at Riverlea (410713),ACT,-35.3843,148.9656,226.5,0.73243,Cfb,Temperate (C)
410730,TRUE,57,Cotter River at Gingera (410730),ACT,-35.591944,148.822222,129.2,0.9662,Cfb,Temperate (C)
410731,TRUE,51,Gudgenby River at Tennent (410731),ACT,-35.575,149.066111,669.6,0.93617,Cfb,Temperate (C)
410734,TRUE,53,Queanbeyan River at Tinderry (410734),NSW,-35.613889,149.348889,564.4,0.78177,Cfb,Temperate (C)
410761,TRUE,44,Murrumbidgee River at Lobb Holes (410761),ACT,-35.54,149.101944,5163.1,0.70482,Cfb,Temperate (C)
411003,TRUE,34,Butmaroo Creek at Butmaroo (411003),NSW,-35.2567,149.5422,63.9,0.56136,Cfb,Temperate (C)
412028,TRUE,51,Abercrombie River at Abercrombie  (412028),NSW,-33.954722,149.325278,2639.3,0.58155,Cfb,Temperate (C)
412029,TRUE,52,Boorowa River at Prossers Crossing (412029),NSW,-34.1441,148.8101,1550.6,0.08017,Cfa,Temperate (C)
412050,TRUE,42,Crookwell River at Narrawa North (412050),NSW,-34.310556,149.167222,759.3,0.11408,Cfb,Temperate (C)
412066,TRUE,55,Abercrombie River at Hadley No. 2 (412066),NSW,-34.112778,149.5975,1636.6,0.503,Cfb,Temperate (C)
415201,TRUE,56,Wimmera River at Glenorchy Weir Tail Gauge (415201),VIC,-36.909,142.64,1973.8,0.23347,Cfb,Temperate (C)
415206,TRUE,59,Wimmera River at Glynwylln (415206),VIC,-36.95390887,142.8600891,1386.5,0.27442,Cfb,Temperate (C)
415207,TRUE,57,Wimmera River at Eversley (415207),VIC,-37.185278,143.184722,305.8,0.5551,Cfb,Temperate (C)
415220,TRUE,43,Avon River at Wimmera HWY (415220),VIC,-36.64,142.98,526.5,0.19966,Cfb,Temperate (C)
415223,TRUE,50,Burnt Creek at Wonwondah East (415223),VIC,-36.88537671,142.2340353,82,0.08399,Cfb,Temperate (C)
415226,TRUE,47,Richardson River at Carrs Plains (415226),VIC,-36.743611,142.785278,129.7,0.10739,Cfb,Temperate (C)
415237,TRUE,44,Concongella Creek at Stawell (415237),VIC,-37.026389,142.821389,239.6,0.16001,Cfb,Temperate (C)
415238,TRUE,41,Wattle Creek at Navarre (415238),VIC,-36.902,143.11,139.3,0.4657,Cfb,Temperate (C)
415245,TRUE,34,Mount Cole Creek at Crowlands (415245),VIC,-37.165,143.09,153.1,0.36482,Cfb,Temperate (C)
416003,FALSE,43,Tenterfield Creek at Clifton (416003),NSW,-29.029167,151.725833,555.1,0.62,Cfb,Temperate (C)
416008,FALSE,32,Beadt River at Haystack (416008),NSW,-29.219167,151.383056,898,0.78624,Cfa,Temperate (C)
416010,FALSE,46,Macintyre River at Wallangra (416010),NSW,-29.2642,150.8984,2142.9,0.57847,Cfa,Temperate (C)
416016,FALSE,46,Macintyre River at Inverell (Middle Ck) (416016),NSW,-29.7936,151.1263,752.8,0.61882,Cfa,Temperate (C)
416020,FALSE,41,Ottleys Creek at Coolatai (416020),NSW,-29.234,150.7581,385.1,0.60892,Cfa,Temperate (C)
416023,FALSE,42,Deepwater River at Bolivia (416023),NSW,-29.2929,151.9234,538.9,0.55415,Cfb,Temperate (C)
416032,FALSE,47,Mole River at Donaldson (416032),NSW,-29.017,151.5986,1585.9,0.75056,Cfb,Temperate (C)
418005,FALSE,50,Copes Creek at Kimberley (418005),NSW,-29.916944,151.114167,237.5,0.85344,Cfa,Temperate (C)
418014,FALSE,47,Gwydir River at Yarrowyck (418014),NSW,-30.4675,151.362778,826.2,0.3766,Cfb,Temperate (C)
418015,FALSE,46,Horton River at Rider (Killara) (418015),NSW,-29.83,150.35,1958.1,0.56977,Cfa,Temperate (C)
418017,FALSE,40,Myall Creek at Molroy (418017),NSW,-29.7992,150.5832,872.6,0.58151,Cfa,Temperate (C)
418021,FALSE,42,Laura Creek at Laura (418021),NSW,-30.2293,151.1857,346.9,0.44359,Cfb,Temperate (C)
418025,FALSE,41,Halls Creek at Bingara (418025),NSW,-29.9361,150.5716,121.8,0.64683,Cfa,Temperate (C)
418027,FALSE,47,Horton River at Horton Dam Site (418027),NSW,-30.2081,150.4281,206.9,0.72379,Cfa,Temperate (C)
419005,FALSE,59,Namoi River at North Cuerindi (419005),NSW,-30.678611,150.778056,2535.9,0.4956,Cfa,Temperate (C)
419010,FALSE,41,Macdonald River at Woolbrook (419010),NSW,-30.9669,151.3448,843.9,0.22729,Cfb,Temperate (C)
419016,FALSE,47,CoCreekburn River at Mulla Crossing (419016),NSW,-31.0614,151.1254,894.5,0.85877,Cfb,Temperate (C)
419029,FALSE,34,Halls Creek at Ukolan (419029),NSW,-30.7054,150.8259,357.4,0.8527,Cfa,Temperate (C)
419035,FALSE,37,Goonoo Goonoo Creek at Timbumburi (419035),NSW,-31.2726,150.9147,454.1,0.17143,Cfa,Temperate (C)
419054,FALSE,45,Swamp Oak Creek at Limbri (419054),NSW,-31.0396,151.1694,393.1,0.85612,Cfb,Temperate (C)
420003,TRUE,32,Belar Creek at Warkton (Blackburns) (420003),NSW,-31.3861,149.2011,130.9,0.65498,Cfa,Temperate (C)
420017,TRUE,37,Castlereagh River at Hidden Valley (420017),NSW,-31.4197,149.3103,1156.7,0.58693,Cfa,Temperate (C)
421018,FALSE,39,Bell River at Newrea (421018),NSW,-32.6808,148.9478,1635,0.16214,Cfa,Temperate (C)
421026,TRUE,36,Turon River at Sofala (421026),NSW,-33.0819,149.689,885.8,0.78975,Cfb,Temperate (C)
421042,FALSE,43,Talbragar River at Elong Elong (421042),NSW,-32.0939,149.0598,3192,0.40913,Cfa,Temperate (C)
421048,FALSE,31,Little River at Obley No.2 (421048),NSW,-32.7072,148.5511,577.6,0.43956,Cfa,Temperate (C)
421050,FALSE,36,Bell River at Molong (421050),NSW,-33.03,148.95,368.2,0.21621,Cfa,Temperate (C)
422202B,FALSE,63,Dogwood Creek at Gilweir (422202B),QLD,-26.708889,150.178889,2987.4,0.89412,Cfa,Temperate (C)
422306A,TRUE,63,Swan Creek at Swanfels (422306A),QLD,-28.164444,152.283333,81.9,0.96712,Cfa,Temperate (C)
422313B,TRUE,41,Emu Creek at Emu Vale (422313B),QLD,-28.228333,152.226667,153.4,0.83808,Cfa,Temperate (C)
422319B,TRUE,52,Dalrymple Creek at Allora (422319B),QLD,-28.035833,152.014444,245.7,0.68002,Cfa,Temperate (C)
422321B,TRUE,46,Spring Creek at Killarney (422321B),QLD,-28.353889,152.333056,33.3,0.62867,Cfa,Temperate (C)
422334A,TRUE,51,Kings Creek at Aides Bridge (422334A),QLD,-27.926389,151.8625,513.5,0.35994,Cfa,Temperate (C)
422338A,TRUE,47,Canal Creek at Leyburn (422338A),QLD,-28.0321,151.5853,395.6,0.92635,Cfa,Temperate (C)
422394A,TRUE,49,Condamine River at Elbow Valley (422394A),QLD,-28.371111,152.141944,327.8,0.68968,Cfa,Temperate (C)
424002,FALSE,46,Paroo River at Willarra Crossing (424002),NSW,-29.2387,144.4553,35247.5,0.08985,BSh,Dry (B)
424201A,TRUE,52,Paroo River at Caiwarro (424201A),QLD,-28.6891,144.7859,22886.1,0.11568,BSh,Dry (B)
602004,FALSE,45,Kalgan R River at Stevens Farm (602004),WA,-34.8861,118,2431.3,0.49342,Csb,Temperate (C)
603003,FALSE,47,Denmark River at Kompup (603003),WA,-34.6994,117.2169,230.2,0.91173,Csb,Temperate (C)
603004,FALSE,38,Hay River at Sunny Glen (603004),WA,-34.9108,117.4783,1234.1,0.62394,Csb,Temperate (C)
603005,TRUE,36,Mitchell River at Beigpiegup (603005),WA,-34.8276,117.3929,51.5,0.99799,Csb,Temperate (C)
603007,TRUE,36,Sleeman River at Sleeman Rd Bridge (603007),WA,-34.9583,117.5032,79.7,0.35039,Csb,Temperate (C)
603136,FALSE,61,Denmark River at Mt Lindesay (603136),WA,-34.8667,117.315,494,0.95291,Csb,Temperate (C)
603190,FALSE,59,Yate Flat Creek at Woonanup (603190),WA,-34.7038,117.2921,57.8,0.94146,Csb,Temperate (C)
604001,FALSE,42,Kent River at Rocky Glen (604001),WA,-34.6227,117.0353,1117.5,0.53016,Csb,Temperate (C)
604053,FALSE,63,Kent River at Styx Junction (604053),WA,-34.889167,117.087222,1841.4,0.7108,Csb,Temperate (C)
605012,FALSE,63,Frankland R River at Mount Frankland (605012),WA,-34.9062,116.7885,4733,0.37778,Csb,Temperate (C)
606001,FALSE,46,Deep River at Teds Pool (606001),WA,-34.764167,116.615278,473.7,0.99825,Csb,Temperate (C)
606002,FALSE,39,Weld River at Wattle Block (606002),WA,-34.696667,116.513889,60.5,0.99851,Csb,Temperate (C)
606185,FALSE,39,Shannon River at Dog Pool (606185),WA,-34.7648,116.3773,379.4,0.99651,Csb,Temperate (C)
606195,FALSE,57,Weld River at Ordnance Rd Crossing (606195),WA,-34.8069,116.5752,245.8,0.9911,Csb,Temperate (C)
607003,FALSE,51,Warren River at Wheatley Farm (607003),WA,-34.3694,116.2777,2986.7,0.74418,Csb,Temperate (C)
607004,FALSE,47,Perup River at Quabicup Hill (607004),WA,-34.3311,116.4585,665.1,0.96054,Csb,Temperate (C)
607007,FALSE,40,Tone River at Bullilup (607007),WA,-34.2503,116.679,977.7,0.44955,Csb,Temperate (C)
607013,FALSE,42,Lefroy Brook River at Rainbow Trail (607013),WA,-34.4275,116.016,248,0.80838,Csb,Temperate (C)
607144,FALSE,60,Wilgarup River at Quintarrup (607144),WA,-34.3486,116.3475,472,0.82439,Csb,Temperate (C)
607155,FALSE,43,Dombakup Brook at Malimup Track (607155),WA,-34.578611,115.972222,124.9,0.93581,Csb,Temperate (C)
607220,FALSE,55,Warren River at Barker Rd Crossing (607220),WA,-34.5217,115.8994,3936.3,0.78195,Csb,Temperate (C)
608002,FALSE,46,Carey Brook at Staircase Road (608002),WA,-34.392778,115.842222,44.5,1.00001,Csb,Temperate (C)
608151,FALSE,63,Donnelly River at Strickland (608151),WA,-34.3272,115.7846,770.4,0.8285,Csb,Temperate (C)
609002,FALSE,52,Scott River at Brennans Ford (609002),WA,-34.2761,115.3022,593.8,0.81607,Csb,Temperate (C)
609005,FALSE,43,Balgarup River at Mandelup Pool (609005),WA,-33.9075,117.1422,84.1,0.17309,Csb,Temperate (C)
609010,FALSE,43,Northern Arthur River at Lake Toolibin Inflow (609010),WA,-32.9048,117.614,439.8,0.10111,Csa,Temperate (C)
609018,FALSE,38,St John Brook River at Barrabup Pool (609018),WA,-33.9435,115.6914,550.3,0.96255,Csb,Temperate (C)
610001,FALSE,51,Margaret River at Willmots Farm (610001),WA,-33.9422,115.0549,442.7,0.79966,Csb,Temperate (C)
610008,FALSE,30,Margaret River North at Whicher Range (610008),WA,-33.806667,115.443611,15.7,0.99974,Csb,Temperate (C)
611004,FALSE,41,Preston River at Boyanup Bridge (611004),WA,-33.479,115.734,807.4,0.67997,Csa,Temperate (C)
611111,FALSE,63,Thomson Brook River at Woodperry Homestead (611111),WA,-33.6284,115.9476,102,0.76734,Csb,Temperate (C)
612001,FALSE,53,Collie R East River at Coolangatta Farm (612001),WA,-33.3303,116.2632,1342.1,0.8414,Csb,Temperate (C)
612014,FALSE,47,Bingham River at Palmer (612014),WA,-33.2776,116.2756,366.1,0.99389,Csb,Temperate (C)
612025,FALSE,39,Camballan Creek at James Well (612025),WA,-33.4557,116.4258,167.6,0.79975,Csb,Temperate (C)
612034,FALSE,59,Collie River at South Branch (612034),WA,-33.387,116.1634,668,0.81412,Csb,Temperate (C)
612230,FALSE,54,Collie R East Trib River at James Crossing (612230),WA,-33.3814,116.5811,167.2,0.50722,Csa,Temperate (C)
613002,FALSE,51,Harvey River at Dingo Road (613002),WA,-33.085833,116.038889,147.2,0.99712,Csb,Temperate (C)
613146,FALSE,60,Clarke Brook at Hillview Farm (613146),WA,-32.997778,115.921944,16.9,0.89096,Csa,Temperate (C)
614006,FALSE,46,Murray River at Baden Powell Wtr Spout (614006),WA,-32.7722,116.0843,6750.1,0.42,Csa,Temperate (C)
614037,FALSE,38,Big Brook River at O'Neil Rd (614037),WA,-32.5113,116.1902,150.2,0.96102,Csa,Temperate (C)
614044,FALSE,56,Yarragil Brook at Yarragil Formation (614044),WA,-32.811111,116.155556,73.3,0.99989,Csa,Temperate (C)
614196,FALSE,48,Williams River at Saddleback Rd Bridge (614196),WA,-32.9934,116.4278,1407.4,0.2465,Csa,Temperate (C)
614224,FALSE,55,Hotham River at Marradong Rd Bridge (614224),WA,-32.8656,116.3981,3961.1,0.32875,Csa,Temperate (C)
616001,FALSE,49,Wooroloo Brook River at Karls Ranch (616001),WA,-31.7337,116.1164,519,0.67498,Csa,Temperate (C)
616002,FALSE,49,Darkin River at Pine Plantation (616002),WA,-32.068333,116.2925,669.3,0.97911,Csa,Temperate (C)
616006,FALSE,41,BroCreekman River at Tanamerah (616006),WA,-31.3442,116.0916,964.2,0.5022,Csa,Temperate (C)
616013,TRUE,42,Helena River  at Ngangaguringuring (616013),WA,-31.939722,116.403611,327.9,0.95658,Csa,Temperate (C)
616019,FALSE,45,BroCreekman River at Yalliawirra (616019),WA,-31.6744,116.1178,1525.2,0.56135,Csa,Temperate (C)
616041,FALSE,40,Wungong Brook River at Vardi Rd (616041),WA,-32.2479,116.1124,81.2,0.98158,Csa,Temperate (C)
616065,FALSE,30,Canning River at Glen Eagle (616065),WA,-32.2275,116.171944,520.9,0.99671,Csa,Temperate (C)
616178,FALSE,49,Jane Brook River at National Park (616178),WA,-31.884,116.0948,73,0.91826,Csa,Temperate (C)
616216,TRUE,54,Helena River at Poison Lease (616216),WA,-31.9731,116.2903,593.9,0.96498,Csa,Temperate (C)
617002,TRUE,50,Hill River at Hill R Springs (617002),WA,-30.2771,115.3666,915,0.40066,Csa,Temperate (C)
617003,FALSE,48,Gingin Brook River at Bookine Bookine (617003),WA,-31.3194,115.627,1404.1,0.59308,Csa,Temperate (C)
701002,TRUE,51,Greenough River at Karlanew Peak (701002),WA,-28.8242,114.8455,11608.3,0.01186,Csa,Temperate (C)
701007,TRUE,45,Chapman River at Utakarra (701007),WA,-28.7629,114.6688,1931.6,0.02433,Csa,Temperate (C)
701009,TRUE,38,Irwin River at Mountain Bridge (701009),WA,-29.238,115.0351,5254,0.03503,Csa,Temperate (C)
704139,TRUE,63,Gascoyne River at Nine Mile Bridge (704139),WA,-24.8276,113.7691,72876.7,0.00167,BWh,Dry (B)
704193,TRUE,57,Gascoyne River at Fishy Pool (704193),WA,-24.9497,114.6442,71234.8,0.00161,BWh,Dry (B)
705001,TRUE,46,Minilya River at Minilya Bridge (705001),WA,-23.8163,114.0103,4642.6,0.00317,BWh,Dry (B)
707002,FALSE,49,Robe River at Yarraloola (707002),WA,-21.6162,115.9225,7258.1,0.00846,BSh,Dry (B)
707005,TRUE,35,Cane River at Toolunga (707005),WA,-22.0226,115.5945,2329.7,0.00716,BSh,Dry (B)
708011,TRUE,41,Fortescue River at Newman (708011),WA,-23.4014,119.7943,2878.9,0.00183,BWh,Dry (B)
709010,FALSE,36,Turner River at Pincunah (709010),WA,-21.2305,118.8338,885.2,0.00233,BWh,Dry (B)
710003,FALSE,44,De Grey River at Coolenar Pool (710003),WA,-20.3114,119.249,53384.3,0.00715,BWh,Dry (B)
710229,TRUE,48,Shaw River at North Pole Mine (710229),WA,-21.0943,119.3173,6502,0.00355,BWh,Dry (B)
802055,TRUE,40,Fitzroy River at Fitzroy Crossing (802055),WA,-18.2963,125.5263,46401.6,0.18258,BSh,Dry (B)
804001,FALSE,34,Isdell River at Dales Yard (804001),WA,-17.008889,125.4275,1834.8,0.43408,BSh,Dry (B)
809310,FALSE,46,Ord River at Bedford Downs (809310),WA,-17.425833,127.600556,547.8,0.28869,BSh,Dry (B)
809315,FALSE,49,Negri River at Mistake Ck Homestead (809315),NT,-17.1775,129.0925,7464.2,0.33361,BSh,Dry (B)
809316,TRUE,45,Ord River at Old Ord Homestead (809316),WA,-17.3738,128.8537,19409.4,0.14347,BSh,Dry (B)
809321,TRUE,44,Dunham River at Dunham Gorge (809321),WA,-16.1863,128.3,1635.7,0.28321,BSh,Dry (B)
809322,TRUE,43,Wilson River at Odonnell Range (809322),WA,-16.6475,128.0925,2527.4,0.33601,BSh,Dry (B)
912101A,TRUE,43,Gregory River at Gregory Downs (912101A),QLD,-18.643611,139.253056,12577.3,0.26104,BSh,Dry (B)
912105A,TRUE,35,Gregory River at Riversleigh No. 2 (912105A),QLD,-18.970833,138.803333,11392.9,0.23359,BSh,Dry (B)
915011A,TRUE,30,Porcupine Creek at Mt Emu Plains (915011A),QLD,-20.1775,144.524444,565.3,0.46227,BSh,Dry (B)
915206A,TRUE,47,Dugald River at Railway Crossing (915206A),QLD,-20.2013,140.2233,657.4,0.28622,BSh,Dry (B)
917107A,FALSE,48,Elizabeth Creek at Mount Surprise (917107A),QLD,-18.133611,144.306667,458.3,0.72983,Aw,Tropical (A)
919003A,TRUE,46,Mitchell River at O.K. Bridge (919003A),QLD,-16.471389,144.290556,7731.7,0.73181,Aw,Tropical (A)
919005A,FALSE,48,Rifle Creek at Fonthill (919005A),QLD,-16.6788,145.2267,366.7,0.8434,Aw,Tropical (A)
919201A,TRUE,47,Palmer River at Goldfields (919201A),QLD,-16.108056,144.778611,531.7,0.98042,Aw,Tropical (A)
919309A,TRUE,44,Walsh River at Trimbles Crossing (919309A),QLD,-16.545278,143.784722,8656.4,0.76688,Aw,Tropical (A)
925001A,TRUE,54,Wenlock river at Moreton (925001A),QLD,-12.454444,142.637778,3302.1,0.90058,Aw,Tropical (A)
926002A,FALSE,46,Dulhunty River at Dougs Pad (926002A),QLD,-11.831667,142.42,330.2,0.98678,Aw,Tropical (A)
A0020101,TRUE,50,Diamantina River at Birdsville (A0020101),QLD,-25.9088,139.3667,118974.1,0.00709,BWh,Dry (B)
A0030501,TRUE,48,Cooper Creek at Cullyamurra Water Hole (A0030501),SA,-27.7013,140.8433,233250.3,0.12429,BWh,Dry (B)
A2390519,FALSE,48,Mosquito Creek at Struan (A2390519),SA,-37.0938,140.776,1549,0.14247,Csb,Temperate (C)
A2390523,FALSE,39,Stony Creek at Woakwine Range (A2390523),SA,-37.7034,140.3622,485.4,0.37573,Csb,Temperate (C)
A2390531,FALSE,44,Morambro Creek at Bordertown-Naracoorte Road Bridge (A2390531),SA,-36.689167,140.661111,404.9,0.10564,Csb,Temperate (C)
A4260533,FALSE,38,Bremer River at near Hartley (A4260533),SA,-35.2087,139.0063,473.5,0.03883,BSk,Dry (B)
A5030502,FALSE,50,Scott Creek at Scott Bottom (A5030502),SA,-35.099167,138.673889,26.8,0.97794,Csb,Temperate (C)
A5040523,FALSE,38,Sixth Creek at Castambul (A5040523),SA,-34.873056,138.754444,43.5,0.94207,Csb,Temperate (C)
A5050517,FALSE,37,North Para River at Penrice (A5050517),SA,-34.463333,139.058333,116.3,0.04179,BSk,Dry (B)
A5060500,FALSE,45,Wakefield River at Near Rhynie (A5060500),SA,-34.13,138.63,492.6,0.08385,BSk,Dry (B)
A5070500,FALSE,48,Hill River at near Andrews (A5070500),SA,-33.61,138.63,237,0.01412,BSk,Dry (B)
A5070503,FALSE,36,Broughton River at Mooroola (A5070503),SA,-33.5331,138.5181,2538,0.03041,BSk,Dry (B)
A5090503,FALSE,40,Kanyaka Creek at Old Kanyaka Ruins (A5090503),SA,-32.09,138.29,186.7,0.11546,BSk,Dry (B)
A5130501,FALSE,45,Rocky River upstream Gorge Falls (A5130501),SA,-35.955,136.697778,190.5,0.95977,Csb,Temperate (C)
G0010005,TRUE,33,Ranken River at Soudan Homestead (G0010005),NT,-20.045278,137.020833,6639.9,0.00958,BWh,Dry (B)
G0050115,FALSE,45,Hugh River at South Road Crossing (G0050115),NT,-24.351667,133.433333,3335.6,0.00329,BWh,Dry (B)
G0060005,FALSE,36,Trephina Creek at Trephina Gorge (G0060005),NT,-23.533611,134.380556,436.3,0.00508,BWh,Dry (B)
G8110004,TRUE,38,East Baines River at VIC Highway (G8110004),NT,-15.766944,130.033611,2443.2,0.66391,BSh,Dry (B)
G8140001,TRUE,46,Katherine River at Railway Bridge (G8140001),NT,-14.463333,132.256944,8248.4,0.82111,Aw,Tropical (A)
G8140008,TRUE,36,Fergusson River at Old Railway Br (G8140008),NT,-14.0712,131.9762,1737.5,0.61788,Aw,Tropical (A)
G8140011,TRUE,31,Dry River at Manbulloo Boundary (G8140011),NT,-15.0841,132.4109,4794.5,0.86642,Aw,Tropical (A)
G8140040,TRUE,43,Daly River at Mount Nancar (G8140040),NT,-13.8308,130.7358,47745.4,0.80254,Aw,Tropical (A)
G8140063,TRUE,53,Douglas River at D/S Old Douglas H/S (G8140063),NT,-13.798,131.3396,842.1,0.84791,Aw,Tropical (A)
G8140067,TRUE,42,Daly River at U/S Dorisvale Crossing (G8140067),NT,-14.3633,131.5737,33280,0.7901,Aw,Tropical (A)
G8150010,TRUE,42,Finniss River at Batchelor Damsite (G8150010),NT,-13.025,130.9512,367.6,0.78856,Aw,Tropical (A)
G8150098,TRUE,45,BlaCreekmore River at Tumbling Waters (G8150098),NT,-12.7813,130.9413,159.3,0.67026,Aw,Tropical (A)
G8150180,TRUE,44,Finniss River at Gitchams (G8150180),NT,-12.9696,130.7621,1044.2,0.77065,Aw,Tropical (A)
G8170002,TRUE,40,Adelaide River at Railway Bridge (G8170002),NT,-13.240556,131.108333,643.5,0.6165,Aw,Tropical (A)
G9070142,TRUE,31,McArthur River Upstream of Bailey's Grave (G9070142),NT,-16.778056,135.760556,4015.5,0.55346,BSh,Dry (B)
