year,precipitation,observed_boxcox_streamflow,modelled_boxcox_streamflow,gauge,streamflow_model,objective_function
1959,3006.325935,NA,106.5338379,113004A,streamflow_model_precip_seasonal_ratio_auto,constant_sd_objective_function
1960,1759.060941,NA,77.48886446,113004A,streamflow_model_precip_seasonal_ratio_auto,constant_sd_objective_function
1961,1438.296253,NA,60.67897041,113004A,streamflow_model_precip_seasonal_ratio_auto,constant_sd_objective_function
1962,1987.517187,NA,72.07602289,113004A,streamflow_model_precip_seasonal_ratio_auto,constant_sd_objective_function
1963,2719.093442,NA,98.74425271,113004A,streamflow_model_precip_seasonal_ratio_auto,constant_sd_objective_function
1964,2684.829063,NA,100.056293,113004A,streamflow_model_precip_seasonal_ratio_auto,constant_sd_objective_function
1965,2371.021248,NA,89.75359419,113004A,streamflow_model_precip_seasonal_ratio_auto,constant_sd_objective_function
1966,1517.413749,NA,63.44077657,113004A,streamflow_model_precip_seasonal_ratio_auto,constant_sd_objective_function
1967,2997.539374,96.33688284,104.4442337,113004A,streamflow_model_precip_seasonal_ratio_auto,constant_sd_objective_function
1968,1978.664999,83.08881273,83.2655849,113004A,streamflow_model_precip_seasonal_ratio_auto,constant_sd_objective_function
1969,2450.24625,86.40193682,90.32148974,113004A,streamflow_model_precip_seasonal_ratio_auto,constant_sd_objective_function
1970,2235.949067,73.57528078,86.97881897,113004A,streamflow_model_precip_seasonal_ratio_auto,constant_sd_objective_function
1971,2452.664373,106.9180677,91.79590868,113004A,streamflow_model_precip_seasonal_ratio_auto,constant_sd_objective_function
1972,2737.600308,106.753648,102.0675014,113004A,streamflow_model_precip_seasonal_ratio_auto,constant_sd_objective_function
1973,3181.075002,106.45432219999999,115.6073184,113004A,streamflow_model_precip_seasonal_ratio_auto,constant_sd_objective_function
1974,2498.894068,117.6516301,101.1845864,113004A,streamflow_model_precip_seasonal_ratio_auto,constant_sd_objective_function
1975,2930.542192,97.52565595,106.2753687,113004A,streamflow_model_precip_seasonal_ratio_auto,constant_sd_objective_function
1976,2207.670629,97.61834229,88.6423902,113004A,streamflow_model_precip_seasonal_ratio_auto,constant_sd_objective_function
1977,3698.364994,144.3084297,129.3921868,113004A,streamflow_model_precip_seasonal_ratio_auto,constant_sd_objective_function
1978,1709.828128,67.70840443,78.07460966,113004A,streamflow_model_precip_seasonal_ratio_auto,constant_sd_objective_function
1979,3381.976869,121.6653641,119.9921549,113004A,streamflow_model_precip_seasonal_ratio_auto,constant_sd_objective_function
1980,2189.905625,74.96489392,86.71018669,113004A,streamflow_model_precip_seasonal_ratio_auto,constant_sd_objective_function
1981,3079.934686,104.6035932,111.4604106,113004A,streamflow_model_precip_seasonal_ratio_auto,constant_sd_objective_function
1982,2399.774377,94.24739889,89.67428909,113004A,streamflow_model_precip_seasonal_ratio_auto,constant_sd_objective_function
1983,1870.244372,68.71256505,70.39536873,113004A,streamflow_model_precip_seasonal_ratio_auto,constant_sd_objective_function
1984,1961.898749,78.93367328,76.37537948,113004A,streamflow_model_precip_seasonal_ratio_auto,constant_sd_objective_function
1985,2576.308434,84.65478905,96.56487554,113004A,streamflow_model_precip_seasonal_ratio_auto,constant_sd_objective_function
1986,2455.919058,95.74523535,94.05447861,113004A,streamflow_model_precip_seasonal_ratio_auto,constant_sd_objective_function
1987,2115.853749,83.99674102,77.6860465,113004A,streamflow_model_precip_seasonal_ratio_auto,constant_sd_objective_function
1988,2454.960001,82.19514458,91.65893573,113004A,streamflow_model_precip_seasonal_ratio_auto,constant_sd_objective_function
1989,2824.576569,100.5575091,102.440715,113004A,streamflow_model_precip_seasonal_ratio_auto,constant_sd_objective_function
1990,2406.432842,91.24709728,90.42435866,113004A,streamflow_model_precip_seasonal_ratio_auto,constant_sd_objective_function
1991,2324.685349,92.57165396,91.75230461,113004A,streamflow_model_precip_seasonal_ratio_auto,constant_sd_objective_function
1992,1583.238129,52.41147378,64.651538,113004A,streamflow_model_precip_seasonal_ratio_auto,constant_sd_objective_function
1993,1988.011584,71.61124765,70.23972998,113004A,streamflow_model_precip_seasonal_ratio_auto,constant_sd_objective_function
1994,2006.186833,82.75123788,74.91865226,113004A,streamflow_model_precip_seasonal_ratio_auto,constant_sd_objective_function
1995,2100.118738,74.64429978,79.05154385,113004A,streamflow_model_precip_seasonal_ratio_auto,constant_sd_objective_function
1996,2542.498463,89.61749798,94.33941354,113004A,streamflow_model_precip_seasonal_ratio_auto,constant_sd_objective_function
1997,2618.139649,NA,99.31515198,113004A,streamflow_model_precip_seasonal_ratio_auto,constant_sd_objective_function
1998,2432.08595,93.91090844,94.16590717,113004A,streamflow_model_precip_seasonal_ratio_auto,constant_sd_objective_function
1999,3478.008105,117.8582017,125.073857,113004A,streamflow_model_precip_seasonal_ratio_auto,constant_sd_objective_function
2000,3119.937562,117.2748908,118.6801339,113004A,streamflow_model_precip_seasonal_ratio_auto,constant_sd_objective_function
2001,1944.446203,90.61842849,84.59327956,113004A,streamflow_model_precip_seasonal_ratio_auto,constant_sd_objective_function
2002,1153.579064,51.30702665,51.82757362,113004A,streamflow_model_precip_seasonal_ratio_auto,constant_sd_objective_function
2003,1756.368409,58.95684778,65.92826955,113004A,streamflow_model_precip_seasonal_ratio_auto,constant_sd_objective_function
2004,2602.059614,95.83962985,94.80768928,113004A,streamflow_model_precip_seasonal_ratio_auto,constant_sd_objective_function
2005,1817.865367,78.05376079,72.57068967,113004A,streamflow_model_precip_seasonal_ratio_auto,constant_sd_objective_function
2006,2625.612845,103.4632963,92.84130518,113004A,streamflow_model_precip_seasonal_ratio_auto,constant_sd_objective_function
2007,2288.600285,101.7088192,90.03141738,113004A,streamflow_model_precip_seasonal_ratio_auto,constant_sd_objective_function
2008,2319.756577,92.80327469,93.01850208,113004A,streamflow_model_precip_seasonal_ratio_auto,constant_sd_objective_function
2009,2194.527843,97.21176762,89.21868104,113004A,streamflow_model_precip_seasonal_ratio_auto,constant_sd_objective_function
2010,3166.230941,111.7844938,116.2140446,113004A,streamflow_model_precip_seasonal_ratio_auto,constant_sd_objective_function
2011,3136.689965,119.2245913,120.8932763,113004A,streamflow_model_precip_seasonal_ratio_auto,constant_sd_objective_function
2012,1931.385296,83.28359725,84.27724812,113004A,streamflow_model_precip_seasonal_ratio_auto,constant_sd_objective_function
2013,2171.955591,80.47168376,82.65835428,113004A,streamflow_model_precip_seasonal_ratio_auto,constant_sd_objective_function
2014,2363.302452,97.73888156,87.70489119,113004A,streamflow_model_precip_seasonal_ratio_auto,constant_sd_objective_function
1959,3006.325935,NA,104.6586583,113004A,streamflow_model_separate_CO2_seasonal_ratio_auto,constant_sd_objective_function
1960,1759.060941,NA,74.46971477,113004A,streamflow_model_separate_CO2_seasonal_ratio_auto,constant_sd_objective_function
1961,1438.296253,NA,57.42559351,113004A,streamflow_model_separate_CO2_seasonal_ratio_auto,constant_sd_objective_function
1962,1987.517187,NA,69.38850803,113004A,streamflow_model_separate_CO2_seasonal_ratio_auto,constant_sd_objective_function
1963,2719.093442,NA,96.19058979,113004A,streamflow_model_separate_CO2_seasonal_ratio_auto,constant_sd_objective_function
1964,2684.829063,NA,98.26529982,113004A,streamflow_model_separate_CO2_seasonal_ratio_auto,constant_sd_objective_function
1965,2371.021248,NA,88.16727495,113004A,streamflow_model_separate_CO2_seasonal_ratio_auto,constant_sd_objective_function
1966,1517.413749,NA,61.14145713,113004A,streamflow_model_separate_CO2_seasonal_ratio_auto,constant_sd_objective_function
1967,2997.539374,96.33688284,102.4165962,113004A,streamflow_model_separate_CO2_seasonal_ratio_auto,constant_sd_objective_function
1968,1978.664999,83.08881273,80.72268968,113004A,streamflow_model_separate_CO2_seasonal_ratio_auto,constant_sd_objective_function
1969,2450.24625,86.40193682,88.48804932,113004A,streamflow_model_separate_CO2_seasonal_ratio_auto,constant_sd_objective_function
1970,2235.949067,73.57528078,84.90814331,113004A,streamflow_model_separate_CO2_seasonal_ratio_auto,constant_sd_objective_function
1971,2452.664373,106.9180677,90.02292383,113004A,streamflow_model_separate_CO2_seasonal_ratio_auto,constant_sd_objective_function
1972,2737.600308,106.753648,100.4464013,113004A,streamflow_model_separate_CO2_seasonal_ratio_auto,constant_sd_objective_function
1973,3181.075002,106.45432219999999,114.7927674,113004A,streamflow_model_separate_CO2_seasonal_ratio_auto,constant_sd_objective_function
1974,2498.894068,117.6516301,99.55984594,113004A,streamflow_model_separate_CO2_seasonal_ratio_auto,constant_sd_objective_function
1975,2930.542192,97.52565595,105.7039201,113004A,streamflow_model_separate_CO2_seasonal_ratio_auto,constant_sd_objective_function
1976,2207.670629,97.61834229,87.31384087,113004A,streamflow_model_separate_CO2_seasonal_ratio_auto,constant_sd_objective_function
1977,3698.364994,144.3084297,128.8816503,113004A,streamflow_model_separate_CO2_seasonal_ratio_auto,constant_sd_objective_function
1978,1709.828128,67.70840443,76.81057624,113004A,streamflow_model_separate_CO2_seasonal_ratio_auto,constant_sd_objective_function
1979,3381.976869,121.6653641,118.972679,113004A,streamflow_model_separate_CO2_seasonal_ratio_auto,constant_sd_objective_function
1980,2189.905625,74.96489392,86.51561351,113004A,streamflow_model_separate_CO2_seasonal_ratio_auto,constant_sd_objective_function
1981,3079.934686,104.6035932,110.8983059,113004A,streamflow_model_separate_CO2_seasonal_ratio_auto,constant_sd_objective_function
1982,2399.774377,94.24739889,90.09174705,113004A,streamflow_model_separate_CO2_seasonal_ratio_auto,constant_sd_objective_function
1983,1870.244372,68.71256505,70.45670091,113004A,streamflow_model_separate_CO2_seasonal_ratio_auto,constant_sd_objective_function
1984,1961.898749,78.93367328,75.02506954,113004A,streamflow_model_separate_CO2_seasonal_ratio_auto,constant_sd_objective_function
1985,2576.308434,84.65478905,95.32069203,113004A,streamflow_model_separate_CO2_seasonal_ratio_auto,constant_sd_objective_function
1986,2455.919058,95.74523535,93.50430494,113004A,streamflow_model_separate_CO2_seasonal_ratio_auto,constant_sd_objective_function
1987,2115.853749,83.99674102,78.24092722,113004A,streamflow_model_separate_CO2_seasonal_ratio_auto,constant_sd_objective_function
1988,2454.960001,82.19514458,91.253029,113004A,streamflow_model_separate_CO2_seasonal_ratio_auto,constant_sd_objective_function
1989,2824.576569,100.5575091,102.8384547,113004A,streamflow_model_separate_CO2_seasonal_ratio_auto,constant_sd_objective_function
1990,2406.432842,91.24709728,91.15886264,113004A,streamflow_model_separate_CO2_seasonal_ratio_auto,constant_sd_objective_function
1991,2324.685349,92.57165396,91.28727126,113004A,streamflow_model_separate_CO2_seasonal_ratio_auto,constant_sd_objective_function
1992,1583.238129,52.41147378,64.5977994,113004A,streamflow_model_separate_CO2_seasonal_ratio_auto,constant_sd_objective_function
1993,1988.011584,71.61124765,70.60531322,113004A,streamflow_model_separate_CO2_seasonal_ratio_auto,constant_sd_objective_function
1994,2006.186833,82.75123788,74.8957545,113004A,streamflow_model_separate_CO2_seasonal_ratio_auto,constant_sd_objective_function
1995,2100.118738,74.64429978,79.06708013,113004A,streamflow_model_separate_CO2_seasonal_ratio_auto,constant_sd_objective_function
1996,2542.498463,89.61749798,94.49688367,113004A,streamflow_model_separate_CO2_seasonal_ratio_auto,constant_sd_objective_function
1997,2618.139649,NA,99.74866928,113004A,streamflow_model_separate_CO2_seasonal_ratio_auto,constant_sd_objective_function
1998,2432.08595,93.91090844,94.82542313,113004A,streamflow_model_separate_CO2_seasonal_ratio_auto,constant_sd_objective_function
1999,3478.008105,117.8582017,126.3292496,113004A,streamflow_model_separate_CO2_seasonal_ratio_auto,constant_sd_objective_function
2000,3119.937562,117.2748908,120.4135884,113004A,streamflow_model_separate_CO2_seasonal_ratio_auto,constant_sd_objective_function
2001,1944.446203,90.61842849,85.29404937,113004A,streamflow_model_separate_CO2_seasonal_ratio_auto,constant_sd_objective_function
2002,1153.579064,51.30702665,52.24961912,113004A,streamflow_model_separate_CO2_seasonal_ratio_auto,constant_sd_objective_function
2003,1756.368409,58.95684778,66.10233914,113004A,streamflow_model_separate_CO2_seasonal_ratio_auto,constant_sd_objective_function
2004,2602.059614,95.83962985,95.45627925,113004A,streamflow_model_separate_CO2_seasonal_ratio_auto,constant_sd_objective_function
2005,1817.865367,78.05376079,73.99317799,113004A,streamflow_model_separate_CO2_seasonal_ratio_auto,constant_sd_objective_function
2006,2625.612845,103.4632963,94.76190866,113004A,streamflow_model_separate_CO2_seasonal_ratio_auto,constant_sd_objective_function
2007,2288.600285,101.7088192,91.41287484,113004A,streamflow_model_separate_CO2_seasonal_ratio_auto,constant_sd_objective_function
2008,2319.756577,92.80327469,93.88825015,113004A,streamflow_model_separate_CO2_seasonal_ratio_auto,constant_sd_objective_function
2009,2194.527843,97.21176762,90.15847037,113004A,streamflow_model_separate_CO2_seasonal_ratio_auto,constant_sd_objective_function
2010,3166.230941,111.7844938,118.1075668,113004A,streamflow_model_separate_CO2_seasonal_ratio_auto,constant_sd_objective_function
2011,3136.689965,119.2245913,123.1354819,113004A,streamflow_model_separate_CO2_seasonal_ratio_auto,constant_sd_objective_function
2012,1931.385296,83.28359725,86.28918179,113004A,streamflow_model_separate_CO2_seasonal_ratio_auto,constant_sd_objective_function
2013,2171.955591,80.47168376,85.00667594,113004A,streamflow_model_separate_CO2_seasonal_ratio_auto,constant_sd_objective_function
2014,2363.302452,97.73888156,90.39145835,113004A,streamflow_model_separate_CO2_seasonal_ratio_auto,constant_sd_objective_function
1959,1095.413036,NA,34.74529562,302214,streamflow_model_precip_only,constant_sd_objective_function
1960,1126.156413,NA,36.05982314,302214,streamflow_model_precip_only,constant_sd_objective_function
1961,877.7698557,NA,25.43929297,302214,streamflow_model_precip_only,constant_sd_objective_function
1962,1035.884521,NA,32.19997112,302214,streamflow_model_precip_only,constant_sd_objective_function
1963,914.7873728,NA,27.02209061,302214,streamflow_model_precip_only,constant_sd_objective_function
1964,1202.971182,NA,39.34427452,302214,streamflow_model_precip_only,constant_sd_objective_function
1965,854.1115072,NA,24.42770762,302214,streamflow_model_precip_only,constant_sd_objective_function
1966,868.366498,NA,25.03722353,302214,streamflow_model_precip_only,constant_sd_objective_function
1967,680.8281073,NA,17.01844363,302214,streamflow_model_precip_only,constant_sd_objective_function
1968,870.1254592,NA,25.11243332,302214,streamflow_model_precip_only,constant_sd_objective_function
1969,1122.323017,NA,35.89591449,302214,streamflow_model_precip_only,constant_sd_objective_function
1970,1407.928004,NA,48.10783294,302214,streamflow_model_precip_only,constant_sd_objective_function
1971,1302.52505,NA,43.60100591,302214,streamflow_model_precip_only,constant_sd_objective_function
1972,647.0344196,NA,15.57349072,302214,streamflow_model_precip_only,constant_sd_objective_function
1973,988.6653781,NA,30.18097164,302214,streamflow_model_precip_only,constant_sd_objective_function
1974,1316.921896,NA,44.21658729,302214,streamflow_model_precip_only,constant_sd_objective_function
1975,1231.122608,NA,40.54797519,302214,streamflow_model_precip_only,constant_sd_objective_function
1976,1095.813444,NA,34.7624163,302214,streamflow_model_precip_only,constant_sd_objective_function
1977,964.029432,NA,29.1275861,302214,streamflow_model_precip_only,constant_sd_objective_function
1978,1166.76772,NA,37.7962843,302214,streamflow_model_precip_only,constant_sd_objective_function
1979,866.976375,NA,24.97778456,302214,streamflow_model_precip_only,constant_sd_objective_function
1980,887.7227094,26.7255288,25.8648578,302214,streamflow_model_precip_only,constant_sd_objective_function
1981,938.3057038,32.12931347,28.02768909,302214,streamflow_model_precip_only,constant_sd_objective_function
1982,688.7739297,18.61414139,17.35819167,302214,streamflow_model_precip_only,constant_sd_objective_function
1983,912.2100798,34.69121162,26.91189054,302214,streamflow_model_precip_only,constant_sd_objective_function
1984,1067.015989,34.26432771,33.53109265,302214,streamflow_model_precip_only,constant_sd_objective_function
1985,1075.357128,36.11828444,33.88774368,302214,streamflow_model_precip_only,constant_sd_objective_function
1986,989.530753,39.02937325,30.2179734,302214,streamflow_model_precip_only,constant_sd_objective_function
1987,776.1518339,23.87985263,21.09430234,302214,streamflow_model_precip_only,constant_sd_objective_function
1988,1034.552751,37.03423234,32.14302721,302214,streamflow_model_precip_only,constant_sd_objective_function
1989,1157.160285,38.40046537,37.38548892,302214,streamflow_model_precip_only,constant_sd_objective_function
1990,796.3927977,19.06472956,21.95976692,302214,streamflow_model_precip_only,constant_sd_objective_function
1991,1028.201965,30.14448949,31.87147985,302214,streamflow_model_precip_only,constant_sd_objective_function
1992,1142.78696,42.20628339,36.77091323,302214,streamflow_model_precip_only,constant_sd_objective_function
1993,1078.832229,37.49202661,34.03633229,302214,streamflow_model_precip_only,constant_sd_objective_function
1994,638.2629272,19.53168617,15.19843862,302214,streamflow_model_precip_only,constant_sd_objective_function
1995,916.6113372,26.36474743,27.10007981,302214,streamflow_model_precip_only,constant_sd_objective_function
1996,1074.055306,NA,33.83208027,302214,streamflow_model_precip_only,constant_sd_objective_function
1997,677.393671,NA,16.87159376,302214,streamflow_model_precip_only,constant_sd_objective_function
1998,880.6058117,NA,25.56055298,302214,streamflow_model_precip_only,constant_sd_objective_function
1999,833.8379618,NA,23.56084991,302214,streamflow_model_precip_only,constant_sd_objective_function
2000,988.6250216,NA,30.17924607,302214,streamflow_model_precip_only,constant_sd_objective_function
2001,1036.560697,NA,32.2288831,302214,streamflow_model_precip_only,constant_sd_objective_function
2002,728.6963376,13.93114137,19.06519684,302214,streamflow_model_precip_only,constant_sd_objective_function
2003,1014.644217,25.85387896,31.29177667,302214,streamflow_model_precip_only,constant_sd_objective_function
2004,965.4504034,37.17274348,29.18834409,302214,streamflow_model_precip_only,constant_sd_objective_function
2005,1008.929553,26.95827393,31.04742869,302214,streamflow_model_precip_only,constant_sd_objective_function
2006,546.0464426,NA,11.255439580000001,302214,streamflow_model_precip_only,constant_sd_objective_function
2007,904.1151737,21.66039015,26.56576796,302214,streamflow_model_precip_only,constant_sd_objective_function
2008,939.3803454,18.96488554,28.07363869,302214,streamflow_model_precip_only,constant_sd_objective_function
2009,1139.123537,33.44240275,36.61427234,302214,streamflow_model_precip_only,constant_sd_objective_function
2010,1003.982084,22.04707954,30.83588444,302214,streamflow_model_precip_only,constant_sd_objective_function
2011,1524.971906,51.95755206,53.11240448,302214,streamflow_model_precip_only,constant_sd_objective_function
2012,879.1166204,25.37777843,25.49687804,302214,streamflow_model_precip_only,constant_sd_objective_function
2013,1121.868439,31.59313498,35.87647765,302214,streamflow_model_precip_only,constant_sd_objective_function
2014,739.0220109,15.39948569,19.50670272,302214,streamflow_model_precip_only,constant_sd_objective_function
1959,1095.413036,NA,43.26822839,302214,streamflow_model_separate_CO2,constant_sd_objective_function
1960,1126.156413,NA,44.54005516,302214,streamflow_model_separate_CO2,constant_sd_objective_function
1961,877.7698557,NA,32.92327335,302214,streamflow_model_separate_CO2,constant_sd_objective_function
1962,1035.884521,NA,40.11074271,302214,streamflow_model_separate_CO2,constant_sd_objective_function
1963,914.7873728,NA,34.4172021,302214,streamflow_model_separate_CO2,constant_sd_objective_function
1964,1202.971182,NA,47.65496183,302214,streamflow_model_separate_CO2,constant_sd_objective_function
1965,854.1115072,NA,31.43763524,302214,streamflow_model_separate_CO2,constant_sd_objective_function
1966,868.366498,NA,31.88112238,302214,streamflow_model_separate_CO2,constant_sd_objective_function
1967,680.8281073,NA,23.06803511,302214,streamflow_model_separate_CO2,constant_sd_objective_function
1968,870.1254592,NA,31.68921415,302214,streamflow_model_separate_CO2,constant_sd_objective_function
1969,1122.323017,NA,43.10820573,302214,streamflow_model_separate_CO2,constant_sd_objective_function
1970,1407.928004,NA,56.15662975,302214,streamflow_model_separate_CO2,constant_sd_objective_function
1971,1302.52505,NA,51.1733162,302214,streamflow_model_separate_CO2,constant_sd_objective_function
1972,647.0344196,NA,20.64465496,302214,streamflow_model_separate_CO2,constant_sd_objective_function
1973,988.6653781,NA,36.09783684,302214,streamflow_model_separate_CO2,constant_sd_objective_function
1974,1316.921896,NA,51.21011805,302214,streamflow_model_separate_CO2,constant_sd_objective_function
1975,1231.122608,NA,47.08546457,302214,streamflow_model_separate_CO2,constant_sd_objective_function
1976,1095.813444,NA,40.67546723,302214,streamflow_model_separate_CO2,constant_sd_objective_function
1977,964.029432,NA,34.28059719,302214,streamflow_model_separate_CO2,constant_sd_objective_function
1978,1166.76772,NA,43.41007961,302214,streamflow_model_separate_CO2,constant_sd_objective_function
1979,866.976375,NA,29.29984072,302214,streamflow_model_separate_CO2,constant_sd_objective_function
1980,887.7227094,26.7255288,29.94782576,302214,streamflow_model_separate_CO2,constant_sd_objective_function
1981,938.3057038,32.12931347,32.06808433,302214,streamflow_model_separate_CO2,constant_sd_objective_function
1982,688.7739297,18.61414139,20.29579005,302214,streamflow_model_separate_CO2,constant_sd_objective_function
1983,912.2100798,34.69121162,30.36712331,302214,streamflow_model_separate_CO2,constant_sd_objective_function
1984,1067.015989,34.26432771,37.25337289,302214,streamflow_model_separate_CO2,constant_sd_objective_function
1985,1075.357128,36.11828444,37.39869847,302214,streamflow_model_separate_CO2,constant_sd_objective_function
1986,989.530753,39.02937325,33.22072789,302214,streamflow_model_separate_CO2,constant_sd_objective_function
1987,776.1518339,23.87985263,23.06666102,302214,streamflow_model_separate_CO2,constant_sd_objective_function
1988,1034.552751,37.03423234,34.64102605,302214,streamflow_model_separate_CO2,constant_sd_objective_function
1989,1157.160285,38.40046537,40.07095359,302214,streamflow_model_separate_CO2,constant_sd_objective_function
1990,796.3927977,19.06472956,23.16736581,302214,streamflow_model_separate_CO2,constant_sd_objective_function
1991,1028.201965,30.14448949,33.69462574,302214,streamflow_model_separate_CO2,constant_sd_objective_function
1992,1142.78696,42.20628339,38.86219087,302214,streamflow_model_separate_CO2,constant_sd_objective_function
1993,1078.832229,37.49202661,35.79266781,302214,streamflow_model_separate_CO2,constant_sd_objective_function
1994,638.2629272,19.53168617,15.11364139,302214,streamflow_model_separate_CO2,constant_sd_objective_function
1995,916.6113372,26.36474743,27.67158993,302214,streamflow_model_separate_CO2,constant_sd_objective_function
1996,1074.055306,NA,34.67182252,302214,streamflow_model_separate_CO2,constant_sd_objective_function
1997,677.393671,NA,16.12456269,302214,streamflow_model_separate_CO2,constant_sd_objective_function
1998,880.6058117,NA,25.04983047,302214,streamflow_model_separate_CO2,constant_sd_objective_function
1999,833.8379618,NA,22.60832335,302214,streamflow_model_separate_CO2,constant_sd_objective_function
2000,988.6250216,NA,29.58318406,302214,streamflow_model_separate_CO2,constant_sd_objective_function
2001,1036.560697,NA,31.54022172,302214,streamflow_model_separate_CO2,constant_sd_objective_function
2002,728.6963376,13.93114137,16.94238822,302214,streamflow_model_separate_CO2,constant_sd_objective_function
2003,1014.644217,25.85387896,29.76751952,302214,streamflow_model_separate_CO2,constant_sd_objective_function
2004,965.4504034,37.17274348,27.21045867,302214,streamflow_model_separate_CO2,constant_sd_objective_function
2005,1008.929553,26.95827393,28.85219282,302214,streamflow_model_separate_CO2,constant_sd_objective_function
2006,546.0464426,NA,7.081671184,302214,streamflow_model_separate_CO2,constant_sd_objective_function
2007,904.1151737,21.66039015,23.34295301,302214,streamflow_model_separate_CO2,constant_sd_objective_function
2008,939.3803454,18.96488554,24.68092339,302214,streamflow_model_separate_CO2,constant_sd_objective_function
2009,1139.123537,33.44240275,33.63271297,302214,streamflow_model_separate_CO2,constant_sd_objective_function
2010,1003.982084,22.04707954,26.97667086,302214,streamflow_model_separate_CO2,constant_sd_objective_function
2011,1524.971906,51.95755206,50.80898598,302214,streamflow_model_separate_CO2,constant_sd_objective_function
2012,879.1166204,25.37777843,20.55226614,302214,streamflow_model_separate_CO2,constant_sd_objective_function
2013,1121.868439,31.59313498,31.3534126,302214,streamflow_model_separate_CO2,constant_sd_objective_function
2014,739.0220109,15.39948569,13.29436096,302214,streamflow_model_separate_CO2,constant_sd_objective_function
1959,505.7382987,NA,5.973434938,407220,streamflow_model_separate_CO2_seasonal_ratio_auto,constant_sd_objective_function
1960,822.0527767,NA,13.50681892,407220,streamflow_model_separate_CO2_seasonal_ratio_auto,constant_sd_objective_function
1961,515.8458182,NA,7.46062562,407220,streamflow_model_separate_CO2_seasonal_ratio_auto,constant_sd_objective_function
1962,576.5617009,NA,7.861077687,407220,streamflow_model_separate_CO2_seasonal_ratio_auto,constant_sd_objective_function
1963,623.1677431,NA,8.652763457,407220,streamflow_model_separate_CO2_seasonal_ratio_auto,constant_sd_objective_function
1964,785.1284607,NA,12.60310541,407220,streamflow_model_separate_CO2_seasonal_ratio_auto,constant_sd_objective_function
1965,508.2537601,NA,8.11097396,407220,streamflow_model_separate_CO2_seasonal_ratio_auto,constant_sd_objective_function
1966,588.9667602,NA,7.037191717,407220,streamflow_model_separate_CO2_seasonal_ratio_auto,constant_sd_objective_function
1967,270.782643,NA,2.638910598,407220,streamflow_model_separate_CO2_seasonal_ratio_auto,constant_sd_objective_function
1968,655.7494035,NA,9.062877227,407220,streamflow_model_separate_CO2_seasonal_ratio_auto,constant_sd_objective_function
1969,517.2665506,NA,6.644718162,407220,streamflow_model_separate_CO2_seasonal_ratio_auto,constant_sd_objective_function
1970,592.7479971,NA,6.989963927,407220,streamflow_model_separate_CO2_seasonal_ratio_auto,constant_sd_objective_function
1971,651.5072382,NA,8.333197028,407220,streamflow_model_separate_CO2_seasonal_ratio_auto,constant_sd_objective_function
1972,542.52804,NA,6.009898611,407220,streamflow_model_separate_CO2_seasonal_ratio_auto,constant_sd_objective_function
1973,939.3863671,NA,13.03147088,407220,streamflow_model_separate_CO2_seasonal_ratio_auto,constant_sd_objective_function
1974,713.9818704,10.25970773,11.28487086,407220,streamflow_model_separate_CO2_seasonal_ratio_auto,constant_sd_objective_function
1975,646.1378076,9.95805186,8.460442738,407220,streamflow_model_separate_CO2_seasonal_ratio_auto,constant_sd_objective_function
1976,433.729305,2.401649495,3.491719583,407220,streamflow_model_separate_CO2_seasonal_ratio_auto,constant_sd_objective_function
1977,445.6323973,4.82948287,4.124575885,407220,streamflow_model_separate_CO2_seasonal_ratio_auto,constant_sd_objective_function
1978,669.2704864,6.837381543,8.240398962,407220,streamflow_model_separate_CO2_seasonal_ratio_auto,constant_sd_objective_function
1979,594.556992,7.592569151,7.74387879,407220,streamflow_model_separate_CO2_seasonal_ratio_auto,constant_sd_objective_function
1980,550.3097692,6.081271571,6.919238698,407220,streamflow_model_separate_CO2_seasonal_ratio_auto,constant_sd_objective_function
1981,664.3503163,9.373315208,9.4053529910000009,407220,streamflow_model_separate_CO2_seasonal_ratio_auto,constant_sd_objective_function
1982,290.906114,2.036107327,0.385342282,407220,streamflow_model_separate_CO2_seasonal_ratio_auto,constant_sd_objective_function
1983,721.8392132,9.527141698,9.081275066,407220,streamflow_model_separate_CO2_seasonal_ratio_auto,constant_sd_objective_function
1984,558.7269149,5.473184567,5.647026744,407220,streamflow_model_separate_CO2_seasonal_ratio_auto,constant_sd_objective_function
1985,515.7222061,3.846748574,4.465429353,407220,streamflow_model_separate_CO2_seasonal_ratio_auto,constant_sd_objective_function
1986,612.0591013,6.563605199,6.669824705,407220,streamflow_model_separate_CO2_seasonal_ratio_auto,constant_sd_objective_function
1987,589.201968,6.063431639,5.857857861,407220,streamflow_model_separate_CO2_seasonal_ratio_auto,constant_sd_objective_function
1988,642.9832041,8.837157676,7.697565996,407220,streamflow_model_separate_CO2_seasonal_ratio_auto,constant_sd_objective_function
1989,648.8642302,9.064003012,8.732415556,407220,streamflow_model_separate_CO2_seasonal_ratio_auto,constant_sd_objective_function
1990,480.6304195,4.557268659,4.349113232,407220,streamflow_model_separate_CO2_seasonal_ratio_auto,constant_sd_objective_function
1991,594.1648375,6.266766336,6.410034702,407220,streamflow_model_separate_CO2_seasonal_ratio_auto,constant_sd_objective_function
1992,757.8385293,8.132201951,8.816258764,407220,streamflow_model_separate_CO2_seasonal_ratio_auto,constant_sd_objective_function
1993,759.825013,8.219085951,8.732368097,407220,streamflow_model_separate_CO2_seasonal_ratio_auto,constant_sd_objective_function
1994,383.6162298,2.679402203,1.918298607,407220,streamflow_model_separate_CO2_seasonal_ratio_auto,constant_sd_objective_function
1995,589.3528358,6.72329055,5.660281936,407220,streamflow_model_separate_CO2_seasonal_ratio_auto,constant_sd_objective_function
1996,673.052292,8.238219554,7.817803637,407220,streamflow_model_separate_CO2_seasonal_ratio_auto,constant_sd_objective_function
1997,462.35100190000003,3.19831119,3.821776695,407220,streamflow_model_separate_CO2_seasonal_ratio_auto,constant_sd_objective_function
1998,572.8270604,3.890938264,3.917644047,407220,streamflow_model_separate_CO2_seasonal_ratio_auto,constant_sd_objective_function
1999,664.9381321,5.644839713,5.122653926,407220,streamflow_model_separate_CO2_seasonal_ratio_auto,constant_sd_objective_function
2000,579.0712524,4.877607646,5.09593606,407220,streamflow_model_separate_CO2_seasonal_ratio_auto,constant_sd_objective_function
2001,483.2463916,0.686494796,2.007512939,407220,streamflow_model_separate_CO2_seasonal_ratio_auto,constant_sd_objective_function
2002,375.9534711,0.454399044,-0.73826066,407220,streamflow_model_separate_CO2_seasonal_ratio_auto,constant_sd_objective_function
2003,483.5574785,2.867388603,1.593900605,407220,streamflow_model_separate_CO2_seasonal_ratio_auto,constant_sd_objective_function
2004,483.3847566,0.99687425,1.798104485,407220,streamflow_model_separate_CO2_seasonal_ratio_auto,constant_sd_objective_function
2005,519.6258068,2.318798772,1.768266591,407220,streamflow_model_separate_CO2_seasonal_ratio_auto,constant_sd_objective_function
2006,303.2545222,0,-1.185562645,407220,streamflow_model_separate_CO2_seasonal_ratio_auto,constant_sd_objective_function
2007,544.6783712,2.216807416,1.440648483,407220,streamflow_model_separate_CO2_seasonal_ratio_auto,constant_sd_objective_function
2008,404.5810365,0,-0.979801934,407220,streamflow_model_separate_CO2_seasonal_ratio_auto,constant_sd_objective_function
2009,507.4096325,0.493709743,1.55308009,407220,streamflow_model_separate_CO2_seasonal_ratio_auto,constant_sd_objective_function
2010,857.4045478,8.439244076,7.813207537,407220,streamflow_model_separate_CO2_seasonal_ratio_auto,constant_sd_objective_function
2011,714.3550222,NA,4.237454816,407220,streamflow_model_separate_CO2_seasonal_ratio_auto,constant_sd_objective_function
2012,486.4969209,NA,1.376192889,407220,streamflow_model_separate_CO2_seasonal_ratio_auto,constant_sd_objective_function
2013,467.8867947,0,0.877150393,407220,streamflow_model_separate_CO2_seasonal_ratio_auto,constant_sd_objective_function
2014,380.3857339,NA,-0.564923727,407220,streamflow_model_separate_CO2_seasonal_ratio_auto,constant_sd_objective_function
1959,864.6546116,5.824069593,3.056503525,614044,streamflow_model_precip_seasonal_ratio_auto,constant_sd_objective_function
1960,946.3078037,7.474359359,3.431360548,614044,streamflow_model_precip_seasonal_ratio_auto,constant_sd_objective_function
1961,994.9475168,NA,5.20290705,614044,streamflow_model_precip_seasonal_ratio_auto,constant_sd_objective_function
1962,948.9347515,6.523443814,4.7941378630000004,614044,streamflow_model_precip_seasonal_ratio_auto,constant_sd_objective_function
1963,1291.875179,10.37968004,10.86938112,614044,streamflow_model_precip_seasonal_ratio_auto,constant_sd_objective_function
1964,1345.466663,NA,15.58316717,614044,streamflow_model_precip_seasonal_ratio_auto,constant_sd_objective_function
1965,1090.470213,NA,13.10756912,614044,streamflow_model_precip_seasonal_ratio_auto,constant_sd_objective_function
1966,922.7131201,7.9690825,10.67384982,614044,streamflow_model_precip_seasonal_ratio_auto,constant_sd_objective_function
1967,1126.706027,9.835742023,12.1820953,614044,streamflow_model_precip_seasonal_ratio_auto,constant_sd_objective_function
1968,1130.134396,9.55746907,12.00754568,614044,streamflow_model_precip_seasonal_ratio_auto,constant_sd_objective_function
1969,621.2258862,5.098870629,6.022867351,614044,streamflow_model_precip_seasonal_ratio_auto,constant_sd_objective_function
1970,1019.536528,8.481189628,6.708856506,614044,streamflow_model_precip_seasonal_ratio_auto,constant_sd_objective_function
1971,974.8946819,NA,5.394910816,614044,streamflow_model_precip_seasonal_ratio_auto,constant_sd_objective_function
1972,726.9507101,5.277993236,3.302968968,614044,streamflow_model_precip_seasonal_ratio_auto,constant_sd_objective_function
1973,1136.124115,8.653404787,7.88814839,614044,streamflow_model_precip_seasonal_ratio_auto,constant_sd_objective_function
1974,1205.18298,10.67480362,11.41508068,614044,streamflow_model_precip_seasonal_ratio_auto,constant_sd_objective_function
1975,777.3485818,5.557721564,7.847788351,614044,streamflow_model_precip_seasonal_ratio_auto,constant_sd_objective_function
1976,832.6173786,NA,3.635511598,614044,streamflow_model_precip_seasonal_ratio_auto,constant_sd_objective_function
1977,731.119504,NA,0.612838866,614044,streamflow_model_precip_seasonal_ratio_auto,constant_sd_objective_function
1978,877.4336883,5.149247165,1.456126649,614044,streamflow_model_precip_seasonal_ratio_auto,constant_sd_objective_function
1979,725.2531899,2.026244207,-1.148976856,614044,streamflow_model_precip_seasonal_ratio_auto,constant_sd_objective_function
1980,980.4964574,NA,1.089836971,614044,streamflow_model_precip_seasonal_ratio_auto,constant_sd_objective_function
1981,993.1882986,6.553316897,3.331690425,614044,streamflow_model_precip_seasonal_ratio_auto,constant_sd_objective_function
1982,932.1812066,3.962817255,1.743441875,614044,streamflow_model_precip_seasonal_ratio_auto,constant_sd_objective_function
1983,1091.20284,7.558070235,5.348961237,614044,streamflow_model_precip_seasonal_ratio_auto,constant_sd_objective_function
1984,955.2276588,5.228379304,5.367218249,614044,streamflow_model_precip_seasonal_ratio_auto,constant_sd_objective_function
1985,846.1226941,5.468389438,4.34019017,614044,streamflow_model_precip_seasonal_ratio_auto,constant_sd_objective_function
1986,827.9882992,2.475416062,1.765756517,614044,streamflow_model_precip_seasonal_ratio_auto,constant_sd_objective_function
1987,812.4695068,3.031542812,1.25248193,614044,streamflow_model_precip_seasonal_ratio_auto,constant_sd_objective_function
1988,1140.641134,7.460584982,5.965990343,614044,streamflow_model_precip_seasonal_ratio_auto,constant_sd_objective_function
1989,937.1265953,3.889241756,4.72759472,614044,streamflow_model_precip_seasonal_ratio_auto,constant_sd_objective_function
1990,926.1031808,5.020671845,3.972323024,614044,streamflow_model_precip_seasonal_ratio_auto,constant_sd_objective_function
1991,1112.500697,6.662367137,6.951774936,614044,streamflow_model_precip_seasonal_ratio_auto,constant_sd_objective_function
1992,1045.223073,7.25275492,7.832065546,614044,streamflow_model_precip_seasonal_ratio_auto,constant_sd_objective_function
1993,872.2006906,3.852142452,5.140517949,614044,streamflow_model_precip_seasonal_ratio_auto,constant_sd_objective_function
1994,763.4230599,4.162608282,3.948417029,614044,streamflow_model_precip_seasonal_ratio_auto,constant_sd_objective_function
1995,977.4482179,5.064291487,4.815530758,614044,streamflow_model_precip_seasonal_ratio_auto,constant_sd_objective_function
1996,1120.013145,6.49436983,7.949982414,614044,streamflow_model_precip_seasonal_ratio_auto,constant_sd_objective_function
1997,785.3212986,2.802559783,4.702620026,614044,streamflow_model_precip_seasonal_ratio_auto,constant_sd_objective_function
1998,944.1954059,4.605559269,4.145415219,614044,streamflow_model_precip_seasonal_ratio_auto,constant_sd_objective_function
1999,1010.529794,5.990004729,5.344404365,614044,streamflow_model_precip_seasonal_ratio_auto,constant_sd_objective_function
2000,938.1223359,6.144632725,5.358736137,614044,streamflow_model_precip_seasonal_ratio_auto,constant_sd_objective_function
2001,624.8159584,0,0.792001127,614044,streamflow_model_precip_seasonal_ratio_auto,constant_sd_objective_function
2002,924.7475057,3.821809582,2.394674769,614044,streamflow_model_precip_seasonal_ratio_auto,constant_sd_objective_function
2003,991.4808455,4.604173972,4.505016932,614044,streamflow_model_precip_seasonal_ratio_auto,constant_sd_objective_function
2004,893.4567564,3.868120871,4.289176775,614044,streamflow_model_precip_seasonal_ratio_auto,constant_sd_objective_function
2005,1032.164557,4.116383036,5.653775534,614044,streamflow_model_precip_seasonal_ratio_auto,constant_sd_objective_function
2006,632.5521257,1.14535617,0.740048803,614044,streamflow_model_precip_seasonal_ratio_auto,constant_sd_objective_function
2007,1002.228019,4.032165494,3.236779962,614044,streamflow_model_precip_seasonal_ratio_auto,constant_sd_objective_function
2008,923.6170218,2.892506861,3.793681755,614044,streamflow_model_precip_seasonal_ratio_auto,constant_sd_objective_function
2009,921.5092346,5.083989328,4.838535215,614044,streamflow_model_precip_seasonal_ratio_auto,constant_sd_objective_function
2010,481.6911284,0,-1.211696615,614044,streamflow_model_precip_seasonal_ratio_auto,constant_sd_objective_function
2011,1050.42695,0,1.183216923,614044,streamflow_model_precip_seasonal_ratio_auto,constant_sd_objective_function
2012,885.2687657,1.184802019,1.139381006,614044,streamflow_model_precip_seasonal_ratio_auto,constant_sd_objective_function
2013,968.2035757,3.098720027,3.358390796,614044,streamflow_model_precip_seasonal_ratio_auto,constant_sd_objective_function
2014,870.8329894,2.508672659,3.95724346,614044,streamflow_model_precip_seasonal_ratio_auto,constant_sd_objective_function
1959,864.6546116,5.824069593,5.73548276,614044,streamflow_model_separate_CO2_seasonal_ratio_auto,constant_sd_objective_function
1960,946.3078037,7.474359359,6.634926958,614044,streamflow_model_separate_CO2_seasonal_ratio_auto,constant_sd_objective_function
1961,994.9475168,NA,8.094328724,614044,streamflow_model_separate_CO2_seasonal_ratio_auto,constant_sd_objective_function
1962,948.9347515,6.523443814,6.847314316,614044,streamflow_model_separate_CO2_seasonal_ratio_auto,constant_sd_objective_function
1963,1291.875179,10.37968004,11.87641645,614044,streamflow_model_separate_CO2_seasonal_ratio_auto,constant_sd_objective_function
1964,1345.466663,NA,13.14462453,614044,streamflow_model_separate_CO2_seasonal_ratio_auto,constant_sd_objective_function
1965,1090.470213,NA,8.596437685,614044,streamflow_model_separate_CO2_seasonal_ratio_auto,constant_sd_objective_function
1966,922.7131201,7.9690825,7.618622079,614044,streamflow_model_separate_CO2_seasonal_ratio_auto,constant_sd_objective_function
1967,1126.706027,9.835742023,9.864771387,614044,streamflow_model_separate_CO2_seasonal_ratio_auto,constant_sd_objective_function
1968,1130.134396,9.55746907,8.966915472,614044,streamflow_model_separate_CO2_seasonal_ratio_auto,constant_sd_objective_function
1969,621.2258862,5.098870629,4.547317868,614044,streamflow_model_separate_CO2_seasonal_ratio_auto,constant_sd_objective_function
1970,1019.536528,8.481189628,7.150220322,614044,streamflow_model_separate_CO2_seasonal_ratio_auto,constant_sd_objective_function
1971,974.8946819,NA,5.862289382,614044,streamflow_model_separate_CO2_seasonal_ratio_auto,constant_sd_objective_function
1972,726.9507101,5.277993236,5.19466375,614044,streamflow_model_separate_CO2_seasonal_ratio_auto,constant_sd_objective_function
1973,1136.124115,8.653404787,9.601957067,614044,streamflow_model_separate_CO2_seasonal_ratio_auto,constant_sd_objective_function
1974,1205.18298,10.67480362,10.5174665,614044,streamflow_model_separate_CO2_seasonal_ratio_auto,constant_sd_objective_function
1975,777.3485818,5.557721564,6.135568554,614044,streamflow_model_separate_CO2_seasonal_ratio_auto,constant_sd_objective_function
1976,832.6173786,NA,3.400242768,614044,streamflow_model_separate_CO2_seasonal_ratio_auto,constant_sd_objective_function
1977,731.119504,NA,2.967931741,614044,streamflow_model_separate_CO2_seasonal_ratio_auto,constant_sd_objective_function
1978,877.4336883,5.149247165,5.155547706,614044,streamflow_model_separate_CO2_seasonal_ratio_auto,constant_sd_objective_function
1979,725.2531899,2.026244207,2.727131951,614044,streamflow_model_separate_CO2_seasonal_ratio_auto,constant_sd_objective_function
1980,980.4964574,NA,5.392765224,614044,streamflow_model_separate_CO2_seasonal_ratio_auto,constant_sd_objective_function
1981,993.1882986,6.553316897,6.443997093,614044,streamflow_model_separate_CO2_seasonal_ratio_auto,constant_sd_objective_function
1982,932.1812066,3.962817255,3.676029501,614044,streamflow_model_separate_CO2_seasonal_ratio_auto,constant_sd_objective_function
1983,1091.20284,7.558070235,7.331176916,614044,streamflow_model_separate_CO2_seasonal_ratio_auto,constant_sd_objective_function
1984,955.2276588,5.228379304,5.873754439,614044,streamflow_model_separate_CO2_seasonal_ratio_auto,constant_sd_objective_function
1985,846.1226941,5.468389438,4.91469212,614044,streamflow_model_separate_CO2_seasonal_ratio_auto,constant_sd_objective_function
1986,827.9882992,2.475416062,2.866255604,614044,streamflow_model_separate_CO2_seasonal_ratio_auto,constant_sd_objective_function
1987,812.4695068,3.031542812,3.704260881,614044,streamflow_model_separate_CO2_seasonal_ratio_auto,constant_sd_objective_function
1988,1140.641134,7.460584982,7.680793835,614044,streamflow_model_separate_CO2_seasonal_ratio_auto,constant_sd_objective_function
1989,937.1265953,3.889241756,4.522162616,614044,streamflow_model_separate_CO2_seasonal_ratio_auto,constant_sd_objective_function
1990,926.1031808,5.020671845,4.106471497,614044,streamflow_model_separate_CO2_seasonal_ratio_auto,constant_sd_objective_function
1991,1112.500697,6.662367137,6.850586327,614044,streamflow_model_separate_CO2_seasonal_ratio_auto,constant_sd_objective_function
1992,1045.223073,7.25275492,6.356416613,614044,streamflow_model_separate_CO2_seasonal_ratio_auto,constant_sd_objective_function
1993,872.2006906,3.852142452,3.553967929,614044,streamflow_model_separate_CO2_seasonal_ratio_auto,constant_sd_objective_function
1994,763.4230599,4.162608282,3.986392731,614044,streamflow_model_separate_CO2_seasonal_ratio_auto,constant_sd_objective_function
1995,977.4482179,5.064291487,4.886909662,614044,streamflow_model_separate_CO2_seasonal_ratio_auto,constant_sd_objective_function
1996,1120.013145,6.49436983,7.032973632,614044,streamflow_model_separate_CO2_seasonal_ratio_auto,constant_sd_objective_function
1997,785.3212986,2.802559783,3.081173757,614044,streamflow_model_separate_CO2_seasonal_ratio_auto,constant_sd_objective_function
1998,944.1954059,4.605559269,3.41590302,614044,streamflow_model_separate_CO2_seasonal_ratio_auto,constant_sd_objective_function
1999,1010.529794,5.990004729,4.721836652,614044,streamflow_model_separate_CO2_seasonal_ratio_auto,constant_sd_objective_function
2000,938.1223359,6.144632725,4.31673419,614044,streamflow_model_separate_CO2_seasonal_ratio_auto,constant_sd_objective_function
2001,624.8159584,0,0.621374616,614044,streamflow_model_separate_CO2_seasonal_ratio_auto,constant_sd_objective_function
2002,924.7475057,3.821809582,3.590521958,614044,streamflow_model_separate_CO2_seasonal_ratio_auto,constant_sd_objective_function
2003,991.4808455,4.604173972,4.728985671,614044,streamflow_model_separate_CO2_seasonal_ratio_auto,constant_sd_objective_function
2004,893.4567564,3.868120871,3.535516754,614044,streamflow_model_separate_CO2_seasonal_ratio_auto,constant_sd_objective_function
2005,1032.164557,4.116383036,4.309647991,614044,streamflow_model_separate_CO2_seasonal_ratio_auto,constant_sd_objective_function
2006,632.5521257,1.14535617,-0.189124218,614044,streamflow_model_separate_CO2_seasonal_ratio_auto,constant_sd_objective_function
2007,1002.228019,4.032165494,3.571673408,614044,streamflow_model_separate_CO2_seasonal_ratio_auto,constant_sd_objective_function
2008,923.6170218,2.892506861,3.195118584,614044,streamflow_model_separate_CO2_seasonal_ratio_auto,constant_sd_objective_function
2009,921.5092346,5.083989328,3.744435645,614044,streamflow_model_separate_CO2_seasonal_ratio_auto,constant_sd_objective_function
2010,481.6911284,0,-1.602327073,614044,streamflow_model_separate_CO2_seasonal_ratio_auto,constant_sd_objective_function
2011,1050.42695,0,2.035012179,614044,streamflow_model_separate_CO2_seasonal_ratio_auto,constant_sd_objective_function
2012,885.2687657,1.184802019,1.36858532,614044,streamflow_model_separate_CO2_seasonal_ratio_auto,constant_sd_objective_function
2013,968.2035757,3.098720027,3.121630403,614044,streamflow_model_separate_CO2_seasonal_ratio_auto,constant_sd_objective_function
2014,870.8329894,2.508672659,2.738563181,614044,streamflow_model_separate_CO2_seasonal_ratio_auto,constant_sd_objective_function
1959,757.0348086,NA,4.27042565,230210,streamflow_model_drought_precip_seasonal_ratio,constant_sd_objective_function
1960,1082.312655,NA,15.92378094,230210,streamflow_model_drought_precip_seasonal_ratio,constant_sd_objective_function
1961,767.5455718,NA,6.606901951,230210,streamflow_model_drought_precip_seasonal_ratio,constant_sd_objective_function
1962,850.8012664,NA,8.23514618,230210,streamflow_model_drought_precip_seasonal_ratio,constant_sd_objective_function
1963,1040.827847,NA,13.65413355,230210,streamflow_model_drought_precip_seasonal_ratio,constant_sd_objective_function
1964,1028.765191,NA,13.88088939,230210,streamflow_model_drought_precip_seasonal_ratio,constant_sd_objective_function
1965,781.9367059,NA,8.395136512,230210,streamflow_model_drought_precip_seasonal_ratio,constant_sd_objective_function
1966,921.9297468,NA,8.497863491,230210,streamflow_model_drought_precip_seasonal_ratio,constant_sd_objective_function
1967,464.7550616,NA,-0.107006113,230210,streamflow_model_drought_precip_seasonal_ratio,constant_sd_objective_function
1968,935.9487342,NA,11.74541526,230210,streamflow_model_drought_precip_seasonal_ratio,constant_sd_objective_function
1969,735.1670883,6.960812043,5.365484328,230210,streamflow_model_drought_precip_seasonal_ratio,constant_sd_objective_function
1970,1214.329747,15.11128433,15.99879384,230210,streamflow_model_drought_precip_seasonal_ratio,constant_sd_objective_function
1971,1085.187977,14.86312139,12.42029567,230210,streamflow_model_drought_precip_seasonal_ratio,constant_sd_objective_function
1972,673.7525319,5.632563716,2.471970786,230210,streamflow_model_drought_precip_seasonal_ratio,constant_sd_objective_function
1973,1177.190504,14.42863891,15.17759214,230210,streamflow_model_drought_precip_seasonal_ratio,constant_sd_objective_function
1974,1127.329113,17.69023371,16.88327503,230210,streamflow_model_drought_precip_seasonal_ratio,constant_sd_objective_function
1975,982.5069631,14.58526422,11.18218058,230210,streamflow_model_drought_precip_seasonal_ratio,constant_sd_objective_function
1976,865.8822798,13.55325305,7.82637959,230210,streamflow_model_drought_precip_seasonal_ratio,constant_sd_objective_function
1977,823.1012667,10.16740808,9.182097868,230210,streamflow_model_drought_precip_seasonal_ratio,constant_sd_objective_function
1978,1128.191774,15.35387523,15.7205326,230210,streamflow_model_drought_precip_seasonal_ratio,constant_sd_objective_function
1979,723.7398752,9.346930818,5.266167682,230210,streamflow_model_drought_precip_seasonal_ratio,constant_sd_objective_function
1980,778.141772,4.757174917,6.693799348,230210,streamflow_model_drought_precip_seasonal_ratio,constant_sd_objective_function
1981,956.1683556,11.21684588,12.05660852,230210,streamflow_model_drought_precip_seasonal_ratio,constant_sd_objective_function
1982,531.3474693,0,-2.195407394,230210,streamflow_model_drought_precip_seasonal_ratio,constant_sd_objective_function
1983,1043.098099,14.60518986,13.74306118,230210,streamflow_model_drought_precip_seasonal_ratio,constant_sd_objective_function
1984,814.217088,13.53782094,7.485842818,230210,streamflow_model_drought_precip_seasonal_ratio,constant_sd_objective_function
1985,1073.001899,16.52777302,13.12631329,230210,streamflow_model_drought_precip_seasonal_ratio,constant_sd_objective_function
1986,787.4265823,10.81541696,6.984071763,230210,streamflow_model_drought_precip_seasonal_ratio,constant_sd_objective_function
1987,996.33861,14.00480983,11.62815269,230210,streamflow_model_drought_precip_seasonal_ratio,constant_sd_objective_function
1988,878.5924089,9.812037599,8.976104585,230210,streamflow_model_drought_precip_seasonal_ratio,constant_sd_objective_function
1989,1020.756961,13.30982953,13.71994178,230210,streamflow_model_drought_precip_seasonal_ratio,constant_sd_objective_function
1990,976.2613901,13.64894997,11.30772826,230210,streamflow_model_drought_precip_seasonal_ratio,constant_sd_objective_function
1991,849.3588696,6.585944955,9.409842611,230210,streamflow_model_drought_precip_seasonal_ratio,constant_sd_objective_function
1992,1104.965847,12.02557497,14.75968238,230210,streamflow_model_drought_precip_seasonal_ratio,constant_sd_objective_function
1993,1093.697457,13.9172646,14.37252686,230210,streamflow_model_drought_precip_seasonal_ratio,constant_sd_objective_function
1994,604.3715165,3.113904266,0.564924073,230210,streamflow_model_drought_precip_seasonal_ratio,constant_sd_objective_function
1995,1059.248717,13.10183171,12.68735237,230210,streamflow_model_drought_precip_seasonal_ratio,constant_sd_objective_function
1996,985.0595276,12.43556195,11.96036783,230210,streamflow_model_drought_precip_seasonal_ratio,constant_sd_objective_function
1997,609.9310167,2.636407558,2.579863219,230210,streamflow_model_drought_precip_seasonal_ratio,constant_sd_objective_function
1998,768.9310143,3.44918651,5.440079748,230210,streamflow_model_drought_precip_seasonal_ratio,constant_sd_objective_function
1999,827.7708853,1.266265944,6.265220085,230210,streamflow_model_drought_precip_seasonal_ratio,constant_sd_objective_function
2000,1013.717737,10.69192918,12.13425963,230210,streamflow_model_drought_precip_seasonal_ratio,constant_sd_objective_function
2001,782.9240232,3.792007478,5.923279187,230210,streamflow_model_drought_precip_seasonal_ratio,constant_sd_objective_function
2002,604.4993598,NA,-7.633928434,230210,streamflow_model_drought_precip_seasonal_ratio,constant_sd_objective_function
2003,823.2664661,2.659363674,-1.937815771,230210,streamflow_model_drought_precip_seasonal_ratio,constant_sd_objective_function
2004,800.5626386,1.82444243,-2.627241844,230210,streamflow_model_drought_precip_seasonal_ratio,constant_sd_objective_function
2005,795.8405098,4.263065045,-4.182428984,230210,streamflow_model_drought_precip_seasonal_ratio,constant_sd_objective_function
2006,552.4183446,0,-7.315771919,230210,streamflow_model_drought_precip_seasonal_ratio,constant_sd_objective_function
2007,779.9892477,0,-2.995427959,230210,streamflow_model_drought_precip_seasonal_ratio,constant_sd_objective_function
2008,652.7512631,0,-7.058393575,230210,streamflow_model_drought_precip_seasonal_ratio,constant_sd_objective_function
2009,696.2063217,0,-4.764400684,230210,streamflow_model_drought_precip_seasonal_ratio,constant_sd_objective_function
2010,1172.231635,9.886146049,14.40530964,230210,streamflow_model_drought_precip_seasonal_ratio,constant_sd_objective_function
2011,1060.036028,10.79683526,11.19467392,230210,streamflow_model_drought_precip_seasonal_ratio,constant_sd_objective_function
2012,934.9860778,8.699942953,11.24129693,230210,streamflow_model_drought_precip_seasonal_ratio,constant_sd_objective_function
2013,916.5044037,4.780910002,9.83630151,230210,streamflow_model_drought_precip_seasonal_ratio,constant_sd_objective_function
2014,691.955034,0,4.541611314,230210,streamflow_model_drought_precip_seasonal_ratio,constant_sd_objective_function
1959,757.0348086,NA,9.009707382,230210,streamflow_model_drought_separate_CO2_seasonal_ratio_auto,constant_sd_objective_function
1960,1082.312655,NA,17.89890987,230210,streamflow_model_drought_separate_CO2_seasonal_ratio_auto,constant_sd_objective_function
1961,767.5455718,NA,10.814747,230210,streamflow_model_drought_separate_CO2_seasonal_ratio_auto,constant_sd_objective_function
1962,850.8012664,NA,11.29324431,230210,streamflow_model_drought_separate_CO2_seasonal_ratio_auto,constant_sd_objective_function
1963,1040.827847,NA,16.39344632,230210,streamflow_model_drought_separate_CO2_seasonal_ratio_auto,constant_sd_objective_function
1964,1028.765191,NA,17.24758005,230210,streamflow_model_drought_separate_CO2_seasonal_ratio_auto,constant_sd_objective_function
1965,781.9367059,NA,11.70083306,230210,streamflow_model_drought_separate_CO2_seasonal_ratio_auto,constant_sd_objective_function
1966,921.9297468,NA,12.07822431,230210,streamflow_model_drought_separate_CO2_seasonal_ratio_auto,constant_sd_objective_function
1967,464.7550616,NA,2.501861921,230210,streamflow_model_drought_separate_CO2_seasonal_ratio_auto,constant_sd_objective_function
1968,935.9487342,NA,12.37788743,230210,streamflow_model_drought_separate_CO2_seasonal_ratio_auto,constant_sd_objective_function
1969,735.1670883,6.960812043,8.251088054,230210,streamflow_model_drought_separate_CO2_seasonal_ratio_auto,constant_sd_objective_function
1970,1214.329747,15.11128433,18.43013799,230210,streamflow_model_drought_separate_CO2_seasonal_ratio_auto,constant_sd_objective_function
1971,1085.187977,14.86312139,16.780787,230210,streamflow_model_drought_separate_CO2_seasonal_ratio_auto,constant_sd_objective_function
1972,673.7525319,5.632563716,6.492824946,230210,streamflow_model_drought_separate_CO2_seasonal_ratio_auto,constant_sd_objective_function
1973,1177.190504,14.42863891,16.9576383,230210,streamflow_model_drought_separate_CO2_seasonal_ratio_auto,constant_sd_objective_function
1974,1127.329113,17.69023371,19.24814863,230210,streamflow_model_drought_separate_CO2_seasonal_ratio_auto,constant_sd_objective_function
1975,982.5069631,14.58526422,14.79913091,230210,streamflow_model_drought_separate_CO2_seasonal_ratio_auto,constant_sd_objective_function
1976,865.8822798,13.55325305,10.82824281,230210,streamflow_model_drought_separate_CO2_seasonal_ratio_auto,constant_sd_objective_function
1977,823.1012667,10.16740808,10.35964616,230210,streamflow_model_drought_separate_CO2_seasonal_ratio_auto,constant_sd_objective_function
1978,1128.191774,15.35387523,17.0116492,230210,streamflow_model_drought_separate_CO2_seasonal_ratio_auto,constant_sd_objective_function
1979,723.7398752,9.346930818,7.924482645,230210,streamflow_model_drought_separate_CO2_seasonal_ratio_auto,constant_sd_objective_function
1980,778.141772,4.757174917,7.561271682,230210,streamflow_model_drought_separate_CO2_seasonal_ratio_auto,constant_sd_objective_function
1981,956.1683556,11.21684588,12.29756088,230210,streamflow_model_drought_separate_CO2_seasonal_ratio_auto,constant_sd_objective_function
1982,531.3474693,0,0.456804326,230210,streamflow_model_drought_separate_CO2_seasonal_ratio_auto,constant_sd_objective_function
1983,1043.098099,14.60518986,12.66786246,230210,streamflow_model_drought_separate_CO2_seasonal_ratio_auto,constant_sd_objective_function
1984,814.217088,13.53782094,8.729711392,230210,streamflow_model_drought_separate_CO2_seasonal_ratio_auto,constant_sd_objective_function
1985,1073.001899,16.52777302,13.79703028,230210,streamflow_model_drought_separate_CO2_seasonal_ratio_auto,constant_sd_objective_function
1986,787.4265823,10.81541696,8.150883213,230210,streamflow_model_drought_separate_CO2_seasonal_ratio_auto,constant_sd_objective_function
1987,996.33861,14.00480983,11.82377778,230210,streamflow_model_drought_separate_CO2_seasonal_ratio_auto,constant_sd_objective_function
1988,878.5924089,9.812037599,9.555695015,230210,streamflow_model_drought_separate_CO2_seasonal_ratio_auto,constant_sd_objective_function
1989,1020.756961,13.30982953,13.22876074,230210,streamflow_model_drought_separate_CO2_seasonal_ratio_auto,constant_sd_objective_function
1990,976.2613901,13.64894997,11.9182395,230210,streamflow_model_drought_separate_CO2_seasonal_ratio_auto,constant_sd_objective_function
1991,849.3588696,6.585944955,9.218928599,230210,streamflow_model_drought_separate_CO2_seasonal_ratio_auto,constant_sd_objective_function
1992,1104.965847,12.02557497,14.35157434,230210,streamflow_model_drought_separate_CO2_seasonal_ratio_auto,constant_sd_objective_function
1993,1093.697457,13.9172646,14.85691907,230210,streamflow_model_drought_separate_CO2_seasonal_ratio_auto,constant_sd_objective_function
1994,604.3715165,3.113904266,1.865102862,230210,streamflow_model_drought_separate_CO2_seasonal_ratio_auto,constant_sd_objective_function
1995,1059.248717,13.10183171,11.05023881,230210,streamflow_model_drought_separate_CO2_seasonal_ratio_auto,constant_sd_objective_function
1996,985.0595276,12.43556195,11.35260304,230210,streamflow_model_drought_separate_CO2_seasonal_ratio_auto,constant_sd_objective_function
1997,609.9310167,2.636407558,2.098702733,230210,streamflow_model_drought_separate_CO2_seasonal_ratio_auto,constant_sd_objective_function
1998,768.9310143,3.44918651,3.502039928,230210,streamflow_model_drought_separate_CO2_seasonal_ratio_auto,constant_sd_objective_function
1999,827.7708853,1.266265944,4.680618902,230210,streamflow_model_drought_separate_CO2_seasonal_ratio_auto,constant_sd_objective_function
2000,1013.717737,10.69192918,10.07618399,230210,streamflow_model_drought_separate_CO2_seasonal_ratio_auto,constant_sd_objective_function
2001,782.9240232,3.792007478,4.964001447,230210,streamflow_model_drought_separate_CO2_seasonal_ratio_auto,constant_sd_objective_function
2002,604.4993598,NA,-4.135403296,230210,streamflow_model_drought_separate_CO2_seasonal_ratio_auto,constant_sd_objective_function
2003,823.2664661,2.659363674,-0.417867715,230210,streamflow_model_drought_separate_CO2_seasonal_ratio_auto,constant_sd_objective_function
2004,800.5626386,1.82444243,-0.533145755,230210,streamflow_model_drought_separate_CO2_seasonal_ratio_auto,constant_sd_objective_function
2005,795.8405098,4.263065045,-1.690101332,230210,streamflow_model_drought_separate_CO2_seasonal_ratio_auto,constant_sd_objective_function
2006,552.4183446,0,-6.311372075,230210,streamflow_model_drought_separate_CO2_seasonal_ratio_auto,constant_sd_objective_function
2007,779.9892477,0,-2.481541868,230210,streamflow_model_drought_separate_CO2_seasonal_ratio_auto,constant_sd_objective_function
2008,652.7512631,0,-5.597068527,230210,streamflow_model_drought_separate_CO2_seasonal_ratio_auto,constant_sd_objective_function
2009,696.2063217,0,-4.51016967,230210,streamflow_model_drought_separate_CO2_seasonal_ratio_auto,constant_sd_objective_function
2010,1172.231635,9.886146049,9.765279744,230210,streamflow_model_drought_separate_CO2_seasonal_ratio_auto,constant_sd_objective_function
2011,1060.036028,10.79683526,9.127670029,230210,streamflow_model_drought_separate_CO2_seasonal_ratio_auto,constant_sd_objective_function
2012,934.9860778,8.699942953,7.626281865,230210,streamflow_model_drought_separate_CO2_seasonal_ratio_auto,constant_sd_objective_function
2013,916.5044037,4.780910002,6.146706716,230210,streamflow_model_drought_separate_CO2_seasonal_ratio_auto,constant_sd_objective_function
2014,691.955034,0,0.395213073,230210,streamflow_model_drought_separate_CO2_seasonal_ratio_auto,constant_sd_objective_function
1959,505.7382987,NA,3.033598468,407220,streamflow_model_drought_precip_seasonal_ratio_auto,constant_sd_objective_function
1960,822.0527767,NA,11.15693543,407220,streamflow_model_drought_precip_seasonal_ratio_auto,constant_sd_objective_function
1961,515.8458182,NA,5.143554272,407220,streamflow_model_drought_precip_seasonal_ratio_auto,constant_sd_objective_function
1962,576.5617009,NA,5.69766421,407220,streamflow_model_drought_precip_seasonal_ratio_auto,constant_sd_objective_function
1963,623.1677431,NA,6.464924822,407220,streamflow_model_drought_precip_seasonal_ratio_auto,constant_sd_objective_function
1964,785.1284607,NA,10.41599929,407220,streamflow_model_drought_precip_seasonal_ratio_auto,constant_sd_objective_function
1965,508.2537601,NA,6.177404135,407220,streamflow_model_drought_precip_seasonal_ratio_auto,constant_sd_objective_function
1966,588.9667602,NA,4.877860151,407220,streamflow_model_drought_precip_seasonal_ratio_auto,constant_sd_objective_function
1967,270.782643,NA,1.178158933,407220,streamflow_model_drought_precip_seasonal_ratio_auto,constant_sd_objective_function
1968,655.7494035,NA,7.43740536,407220,streamflow_model_drought_precip_seasonal_ratio_auto,constant_sd_objective_function
1969,517.2665506,NA,4.952421822,407220,streamflow_model_drought_precip_seasonal_ratio_auto,constant_sd_objective_function
1970,592.7479971,NA,5.192292039,407220,streamflow_model_drought_precip_seasonal_ratio_auto,constant_sd_objective_function
1971,651.5072382,NA,6.526216512,407220,streamflow_model_drought_precip_seasonal_ratio_auto,constant_sd_objective_function
1972,542.52804,NA,4.268556325,407220,streamflow_model_drought_precip_seasonal_ratio_auto,constant_sd_objective_function
1973,939.3863671,NA,11.06295461,407220,streamflow_model_drought_precip_seasonal_ratio_auto,constant_sd_objective_function
1974,713.9818704,10.25970773,9.669637078,407220,streamflow_model_drought_precip_seasonal_ratio_auto,constant_sd_objective_function
1975,646.1378076,9.95805186,6.82666058,407220,streamflow_model_drought_precip_seasonal_ratio_auto,constant_sd_objective_function
1976,433.729305,2.401649495,2.087877129,407220,streamflow_model_drought_precip_seasonal_ratio_auto,constant_sd_objective_function
1977,445.6323973,4.82948287,3.18627162,407220,streamflow_model_drought_precip_seasonal_ratio_auto,constant_sd_objective_function
1978,669.2704864,6.837381543,7.198923792,407220,streamflow_model_drought_precip_seasonal_ratio_auto,constant_sd_objective_function
1979,594.556992,7.592569151,6.822365623,407220,streamflow_model_drought_precip_seasonal_ratio_auto,constant_sd_objective_function
1980,550.3097692,6.081271571,6.212153081,407220,streamflow_model_drought_precip_seasonal_ratio_auto,constant_sd_objective_function
1981,664.3503163,9.373315208,8.808088856,407220,streamflow_model_drought_precip_seasonal_ratio_auto,constant_sd_objective_function
1982,290.906114,2.036107327,-0.222233245,407220,streamflow_model_drought_precip_seasonal_ratio_auto,constant_sd_objective_function
1983,721.8392132,9.527141698,8.69211144,407220,streamflow_model_drought_precip_seasonal_ratio_auto,constant_sd_objective_function
1984,558.7269149,5.473184567,5.071625272,407220,streamflow_model_drought_precip_seasonal_ratio_auto,constant_sd_objective_function
1985,515.7222061,3.846748574,4.098184007,407220,streamflow_model_drought_precip_seasonal_ratio_auto,constant_sd_objective_function
1986,612.0591013,6.563605199,6.450765864,407220,streamflow_model_drought_precip_seasonal_ratio_auto,constant_sd_objective_function
1987,589.201968,6.063431639,5.613634505,407220,streamflow_model_drought_precip_seasonal_ratio_auto,constant_sd_objective_function
1988,642.9832041,8.837157676,7.743073495,407220,streamflow_model_drought_precip_seasonal_ratio_auto,constant_sd_objective_function
1989,648.8642302,9.064003012,9.000222854,407220,streamflow_model_drought_precip_seasonal_ratio_auto,constant_sd_objective_function
1990,480.6304195,4.557268659,4.625029669,407220,streamflow_model_drought_precip_seasonal_ratio_auto,constant_sd_objective_function
1991,594.1648375,6.266766336,6.852991115,407220,streamflow_model_drought_precip_seasonal_ratio_auto,constant_sd_objective_function
1992,757.8385293,8.132201951,8.94097982,407220,streamflow_model_drought_precip_seasonal_ratio_auto,constant_sd_objective_function
1993,759.825013,8.219085951,8.702910417,407220,streamflow_model_drought_precip_seasonal_ratio_auto,constant_sd_objective_function
1994,383.6162298,2.679402203,2.418908547,407220,streamflow_model_drought_precip_seasonal_ratio_auto,constant_sd_objective_function
1995,589.3528358,6.72329055,6.477639509,407220,streamflow_model_drought_precip_seasonal_ratio_auto,constant_sd_objective_function
1996,673.052292,8.238219554,8.638763622,407220,streamflow_model_drought_precip_seasonal_ratio_auto,constant_sd_objective_function
1997,462.35100190000003,3.19831119,4.821126166,407220,streamflow_model_drought_precip_seasonal_ratio_auto,constant_sd_objective_function
1998,572.8270604,3.890938264,4.843302626,407220,streamflow_model_drought_precip_seasonal_ratio_auto,constant_sd_objective_function
1999,664.9381321,5.644839713,5.944504094,407220,streamflow_model_drought_precip_seasonal_ratio_auto,constant_sd_objective_function
2000,579.0712524,4.877607646,6.306055554,407220,streamflow_model_drought_precip_seasonal_ratio_auto,constant_sd_objective_function
2001,483.2463916,0.686494796,3.24107494,407220,streamflow_model_drought_precip_seasonal_ratio_auto,constant_sd_objective_function
2002,375.9534711,0.454399044,-1.403536007,407220,streamflow_model_drought_precip_seasonal_ratio_auto,constant_sd_objective_function
2003,483.5574785,2.867388603,0.860474698,407220,streamflow_model_drought_precip_seasonal_ratio_auto,constant_sd_objective_function
2004,483.3847566,0.99687425,1.087156492,407220,streamflow_model_drought_precip_seasonal_ratio_auto,constant_sd_objective_function
2005,519.6258068,2.318798772,1.024022602,407220,streamflow_model_drought_precip_seasonal_ratio_auto,constant_sd_objective_function
2006,303.2545222,0,-1.363004216,407220,streamflow_model_drought_precip_seasonal_ratio_auto,constant_sd_objective_function
2007,544.6783712,2.216807416,1.013134794,407220,streamflow_model_drought_precip_seasonal_ratio_auto,constant_sd_objective_function
2008,404.5810365,0,-1.277361015,407220,streamflow_model_drought_precip_seasonal_ratio_auto,constant_sd_objective_function
2009,507.4096325,0.493709743,1.519903399,407220,streamflow_model_drought_precip_seasonal_ratio_auto,constant_sd_objective_function
2010,857.4045478,8.439244076,9.596427408,407220,streamflow_model_drought_precip_seasonal_ratio_auto,constant_sd_objective_function
2011,714.3550222,NA,6.101552575,407220,streamflow_model_drought_precip_seasonal_ratio_auto,constant_sd_objective_function
2012,486.4969209,NA,4.078806633,407220,streamflow_model_drought_precip_seasonal_ratio_auto,constant_sd_objective_function
2013,467.8867947,0,4.02237382,407220,streamflow_model_drought_precip_seasonal_ratio_auto,constant_sd_objective_function
2014,380.3857339,NA,2.939689006,407220,streamflow_model_drought_precip_seasonal_ratio_auto,constant_sd_objective_function
